script_name,test_id,test_type,tquery,fixed_query,duration,final_score,similarity
adventureworks_js1,1,jc   ,"""select p.productid,pv.businessentityid, v.businessentityid as vendor_businessentityid from product p left join productvendor pv on p.productid = pv.productid left join vendor v on pv.businessentityid = v.BusinessEntityID""","""select p.productid,pv.businessentityid, v.businessentityid as vendor_businessentityid from product p LEFT JOIN productvendor pv on p.productid = pv.productid LEFT JOIN vendor v on pv.businessentityid = v.businessentityid""",1,0,1
adventureworks_js1,2,jc   ,"""select p.productid,pv.businessentityid, v.businessentityid as vendor_businessentityid from product p left join productvendor pv on p.productid = pv.productid left join vendor v on pv.businessentityid = v.BusinessEntityID""","""select p.productid,pv.businessentityid, v.businessentityid as vendor_businessentityid from product p LEFT JOIN productvendor pv on p.productid = pv.productid LEFT JOIN vendor v on pv.businessentityid = v.businessentityid""",1,0,1
adventureworks_js1,3,jc   ,"""select p.productid,pv.businessentityid, v.businessentityid as vendor_businessentityid from product p left join productvendor pv on p.productid = pv.productid left join vendor v on pv.businessentityid = v.BusinessEntityID""","""select p.productid,pv.businessentityid, v.businessentityid as vendor_businessentityid from product p LEFT JOIN productvendor pv on p.productid = pv.productid JOIN vendor v on pv.businessentityid = v.businessentityid""",1,239,0.9
adventureworks_jc5,0,jt   ,"""select p.productid,pv.businessentityid, piv.productid as piv_productid, piv.locationid, pm.productmodelid, u.unitmeasurecode from product p join productvendor pv on p.productid = pv.productid join vendor v on pv.businessentityid = v.BusinessEntityID join productmodel pm on pm.productmodelid = p.productmodelid left join unitmeasure u on u.unitmeasurecode = p.sizeunitmeasurecode join productinventory piv on p.productid = piv.productid""","""SELECT p.productid AS productid, pv.businessentityid AS businessentityid, piv.productid AS piv_productid, piv.locationid AS locationid, pm.productmodelid AS productmodelid, u.unitmeasurecode AS unitmeasurecode FROM product p JOIN productvendor pv ON p.productid = pv.productid JOIN vendor v ON pv.businessentityid = v.businessentityid JOIN productmodel pm ON pm.productmodelid = p.productmodelid LEFT JOIN unitmeasure u ON u.unitmeasurecode = p.sizeunitmeasurecode JOIN productinventory piv ON p.productid = piv.productid""",1,0,1
adventureworks_jc5,1,jt   ,"""select p.productid,pv.businessentityid, piv.productid as piv_productid, piv.locationid, pm.productmodelid, u.unitmeasurecode from product p join productvendor pv on p.productid = pv.productid join vendor v on pv.businessentityid = v.BusinessEntityID join productmodel pm on pm.productmodelid = p.productmodelid left join unitmeasure u on u.unitmeasurecode = p.sizeunitmeasurecode join productinventory piv on p.productid = piv.productid""","""SELECT p.productid AS productid, pv.businessentityid AS businessentityid, piv.productid AS piv_productid, piv.locationid AS locationid, pm.productmodelid AS productmodelid, u.unitmeasurecode AS unitmeasurecode FROM product p JOIN productvendor pv ON p.productid = pv.productid JOIN vendor v ON pv.businessentityid = v.businessentityid JOIN productmodel pm ON pm.productmodelid = p.productid JOIN unitmeasure u ON u.unitmeasurecode = p.sizeunitmeasurecode JOIN productinventory piv ON p.productid = piv.productid""",0,183,0.88
adventureworks_jc5,2,jt   ,"""select p.productid,pv.businessentityid, piv.productid as piv_productid, piv.locationid, pm.productmodelid, u.unitmeasurecode from product p join productvendor pv on p.productid = pv.productid join vendor v on pv.businessentityid = v.BusinessEntityID join productmodel pm on pm.productmodelid = p.productmodelid left join unitmeasure u on u.unitmeasurecode = p.sizeunitmeasurecode join productinventory piv on p.productid = piv.productid""","""SELECT p.productid AS productid, pv.businessentityid AS businessentityid, piv.productid AS piv_productid, piv.locationid AS locationid, pm.productmodelid AS productmodelid, u.unitmeasurecode AS unitmeasurecode FROM product p JOIN productvendor pv ON p.productid = pv.productid JOIN vendor v ON pv.businessentityid = v.businessentityid JOIN productmodel pm ON pm.productmodelid = p.productid LEFT JOIN unitmeasure u ON u.unitmeasurecode = p.sizeunitmeasurecode JOIN productinventory piv ON p.productid = piv.productid""",0,192,0.92
adventureworks_jc4,0,jt   ,"""select p.productid,pv.businessentityid, piv.productid as piv_productid, piv.locationid, pm.productmodelid, u.unitmeasurecode from product p left join productvendor pv on p.productid = pv.productid left join vendor v on pv.businessentityid = v.BusinessEntityID join productmodel pm on pm.productmodelid = p.productmodelid left join unitmeasure u on u.unitmeasurecode = p.sizeunitmeasurecode join productinventory piv on p.productid = piv.productid""","""SELECT p.productid AS productid, pv.businessentityid AS businessentityid, piv.productid AS piv_productid, piv.locationid AS locationid, pm.productmodelid AS productmodelid, u.unitmeasurecode AS unitmeasurecode FROM product p LEFT JOIN productvendor pv ON p.productid = pv.productid LEFT JOIN vendor v ON pv.businessentityid = v.businessentityid JOIN productmodel pm ON pm.productmodelid = p.productmodelid LEFT JOIN unitmeasure u ON u.unitmeasurecode = p.sizeunitmeasurecode JOIN productinventory piv ON p.productid = piv.productid""",0,0,1
adventureworks_jc4,1,jt   ,"""select p.productid,pv.businessentityid, piv.productid as piv_productid, piv.locationid, pm.productmodelid, u.unitmeasurecode from product p left join productvendor pv on p.productid = pv.productid left join vendor v on pv.businessentityid = v.BusinessEntityID join productmodel pm on pm.productmodelid = p.productmodelid left join unitmeasure u on u.unitmeasurecode = p.sizeunitmeasurecode join productinventory piv on p.productid = piv.productid""","""SELECT p.productid AS productid, pv.businessentityid AS businessentityid, piv.productid AS piv_productid, piv.locationid AS locationid, pm.productmodelid AS productmodelid, u.unitmeasurecode AS unitmeasurecode FROM product p LEFT JOIN productvendor pv ON p.productid = pv.productid LEFT JOIN vendor v ON pv.businessentityid = v.businessentityid JOIN productmodel pm ON pm.productmodelid = p.productid JOIN unitmeasure u ON u.unitmeasurecode = p.sizeunitmeasurecode JOIN productinventory piv ON p.productid = piv.productid""",1,513,0.88
adventureworks_jc4,2,jt   ,"""select p.productid,pv.businessentityid, piv.productid as piv_productid, piv.locationid, pm.productmodelid, u.unitmeasurecode from product p left join productvendor pv on p.productid = pv.productid left join vendor v on pv.businessentityid = v.BusinessEntityID join productmodel pm on pm.productmodelid = p.productmodelid left join unitmeasure u on u.unitmeasurecode = p.sizeunitmeasurecode join productinventory piv on p.productid = piv.productid""","""SELECT p.productid AS productid, pv.businessentityid AS businessentityid, piv.productid AS piv_productid, piv.locationid AS locationid, pm.productmodelid AS productmodelid, u.unitmeasurecode AS unitmeasurecode FROM product p LEFT JOIN productvendor pv ON p.productid = pv.productid LEFT JOIN vendor v ON pv.businessentityid = v.businessentityid JOIN productmodel pm ON pm.productmodelid = p.productid LEFT JOIN unitmeasure u ON u.unitmeasurecode = p.sizeunitmeasurecode JOIN productinventory piv ON p.productid = piv.productid""",1,525,0.92
adventureworks_jc3,0,jt   ,"""select p.productid,pv.businessentityid,pd.productid as pd_productid, pd.documentnode from product p join productvendor pv on p.productid = pv.productid join vendor v on pv.businessentityid = v.BusinessEntityID join productmodel pm on pm.productmodelid = p.productmodelid join unitmeasure u on u.unitmeasurecode = p.sizeunitmeasurecode join productdocument pd on p.productid = pd.productid""","""SELECT p.productid AS productid, pv.businessentityid AS businessentityid, pd.productid AS pd_productid, pd.documentnode AS documentnode FROM product p JOIN productvendor pv ON p.productid = pv.productid LEFT JOIN vendor v ON pv.businessentityid = v.businessentityid JOIN productmodel pm ON pm.productmodelid = p.productmodelid JOIN unitmeasure u ON u.unitmeasurecode = p.sizeunitmeasurecode JOIN productdocument pd ON p.productid = pd.productid""",0,0,0.96
adventureworks_jc3,1,jc   ,"""select p.productid,pv.businessentityid,pd.productid as pd_productid, pd.documentnode from product p join productvendor pv on p.productid = pv.productid join vendor v on pv.businessentityid = v.BusinessEntityID join productmodel pm on pm.productmodelid = p.productmodelid join unitmeasure u on u.unitmeasurecode = p.sizeunitmeasurecode join productdocument pd on p.productid = pd.productid""","""select p.productid,pv.businessentityid,pd.productid as pd_productid, pd.documentnode from product p JOIN productvendor pv on p.productid = pv.productid JOIN vendor v on pv.businessentityid = v.businessentityid JOIN productmodel pm on pm.productmodelid = p.productmodelid JOIN unitmeasure u on p.sellstartdate = u.modifieddate AND p.sizeunitmeasurecode = u.unitmeasurecode JOIN productdocument pd on p.productid = pd.productid""",1,0,0.925925926
adventureworks_jc3,2,jc   ,"""select p.productid,pv.businessentityid,pd.productid as pd_productid, pd.documentnode from product p join productvendor pv on p.productid = pv.productid join vendor v on pv.businessentityid = v.BusinessEntityID join productmodel pm on pm.productmodelid = p.productmodelid join unitmeasure u on u.unitmeasurecode = p.sizeunitmeasurecode join productdocument pd on p.productid = pd.productid""","""select p.productid,pv.businessentityid,pd.productid as pd_productid, pd.documentnode from product p LEFT JOIN productvendor pv on p.productid = pv.productid LEFT JOIN vendor v on pv.businessentityid = v.businessentityid JOIN productmodel pm on pm.productmodelid = p.productmodelid JOIN unitmeasure u on p.sellstartdate = u.modifieddate AND p.sizeunitmeasurecode = u.unitmeasurecode JOIN productdocument pd on p.productid = pd.productid""",1,0,0.851851852
adventureworks_jm1,0,jt   ,"""select p.productid,pv.businessentityid, u.unitmeasurecode from product p left join productvendor pv on p.productid = pv.productid left join vendor v on pv.businessentityid = v.BusinessEntityID join productmodel pm on pm.productmodelid = p.productmodelid join unitmeasure u on u.unitmeasurecode = p.sizeunitmeasurecode""","""SELECT p.productid AS productid, pv.businessentityid AS businessentityid, u.unitmeasurecode AS unitmeasurecode FROM product p LEFT JOIN productvendor pv ON p.productid = pv.productid LEFT JOIN vendor v ON pv.businessentityid = v.businessentityid JOIN productmodel pm ON pm.productmodelid = p.productmodelid JOIN unitmeasure u ON u.unitmeasurecode = p.sizeunitmeasurecode""",1,0,1
adventureworks_jm1,1,jc   ,"""select p.productid,pv.businessentityid, u.unitmeasurecode from product p left join productvendor pv on p.productid = pv.productid left join vendor v on pv.businessentityid = v.BusinessEntityID join productmodel pm on pm.productmodelid = p.productmodelid join unitmeasure u on u.unitmeasurecode = p.sizeunitmeasurecode""","""select p.productid,pv.businessentityid, u.unitmeasurecode from product p LEFT JOIN productvendor pv on p.productid = pv.productid LEFT JOIN vendor v on pv.businessentityid = v.businessentityid JOIN productmodel pm on pm.productmodelid = p.productmodelid JOIN unitmeasure u on p.sizeunitmeasurecode = u.unitmeasurecode""",1,0,1
adventureworks_jm1,2,jc   ,"""select p.productid,pv.businessentityid, u.unitmeasurecode from product p left join productvendor pv on p.productid = pv.productid left join vendor v on pv.businessentityid = v.BusinessEntityID join productmodel pm on pm.productmodelid = p.productmodelid join unitmeasure u on u.unitmeasurecode = p.sizeunitmeasurecode""","""select p.productid,pv.businessentityid, u.unitmeasurecode from product p JOIN productvendor pv on p.productid = pv.productid LEFT JOIN vendor v on pv.businessentityid = v.businessentityid JOIN productmodel pm on pm.productmodelid = p.productmodelid JOIN unitmeasure u on p.sizeunitmeasurecode = u.unitmeasurecode""",2,0,0.95
adventureworks_jm1,2,jt   ,"""select p.productid,pv.businessentityid, u.unitmeasurecode from product p left join productvendor pv on p.productid = pv.productid left join vendor v on pv.businessentityid = v.BusinessEntityID join productmodel pm on pm.productmodelid = p.productmodelid join unitmeasure u on u.unitmeasurecode = p.sizeunitmeasurecode""","""SELECT p.productid AS productid, pv.businessentityid AS businessentityid, u.unitmeasurecode AS unitmeasurecode FROM product p LEFT JOIN productvendor pv ON p.productid = pv.productid LEFT JOIN vendor v ON pv.businessentityid = v.businessentityid JOIN productmodel pm ON pm.productmodelid = p.productmodelid JOIN unitmeasure u ON p.sizeunitmeasurecode = u.unitmeasurecode""",2,0,1
adventureworks_jc2,0,jt   ,"""select p.productid,pv.businessentityid from product p join productvendor pv on p.productid = pv.productid  join vendor v on pv.businessentityid = v.BusinessEntityID join productmodel pm on pm.productmodelid = p.productmodelid join unitmeasure u on u.unitmeasurecode = p.sizeunitmeasurecode""","""SELECT p.productid AS productid, pv.businessentityid AS businessentityid FROM product p JOIN productvendor pv ON p.productid = pv.productid LEFT JOIN vendor v ON pv.businessentityid = v.businessentityid JOIN productmodel pm ON pm.productmodelid = p.productmodelid JOIN unitmeasure u ON u.unitmeasurecode = p.sizeunitmeasurecode""",0,0,0.95
adventureworks_jc2,1,jc   ,"""select p.productid,pv.businessentityid from product p join productvendor pv on p.productid = pv.productid  join vendor v on pv.businessentityid = v.BusinessEntityID join productmodel pm on pm.productmodelid = p.productmodelid join unitmeasure u on u.unitmeasurecode = p.sizeunitmeasurecode""","""select p.productid,pv.businessentityid from product p JOIN productvendor pv on p.productid = pv.productid JOIN vendor v on pv.businessentityid = v.businessentityid JOIN productmodel pm on pm.productmodelid = p.productmodelid JOIN unitmeasure u on p.sellstartdate = u.modifieddate AND p.sizeunitmeasurecode = u.unitmeasurecode""",0,0,0.909090909
adventureworks_jc2,2,jc   ,"""select p.productid,pv.businessentityid from product p join productvendor pv on p.productid = pv.productid  join vendor v on pv.businessentityid = v.BusinessEntityID join productmodel pm on pm.productmodelid = p.productmodelid join unitmeasure u on u.unitmeasurecode = p.sizeunitmeasurecode""","""select p.productid,pv.businessentityid from product p LEFT JOIN productvendor pv on p.productid = pv.productid LEFT JOIN vendor v on pv.businessentityid = v.businessentityid JOIN productmodel pm on pm.productmodelid = p.productmodelid JOIN unitmeasure u on p.sellstartdate = u.modifieddate AND p.sizeunitmeasurecode = u.unitmeasurecode""",1,0,0.818181818
adventureworks_jc2,2,jt   ,"""select p.productid,pv.businessentityid from product p join productvendor pv on p.productid = pv.productid  join vendor v on pv.businessentityid = v.BusinessEntityID join productmodel pm on pm.productmodelid = p.productmodelid join unitmeasure u on u.unitmeasurecode = p.sizeunitmeasurecode""","""SELECT p.productid AS productid, pv.businessentityid AS businessentityid FROM product p JOIN productvendor pv ON p.productid = pv.productid LEFT JOIN vendor v ON pv.businessentityid = v.businessentityid JOIN productmodel pm ON pm.productmodelid = p.productmodelid JOIN unitmeasure u ON p.sellstartdate = u.modifieddate AND p.sizeunitmeasurecode = u.unitmeasurecode""",1,0,0.863636364
adventureworks_jc1,0,jt   ,"""select p.productid,pv.businessentityid, u.unitmeasurecode from product p left join productvendor pv on p.productid = pv.productid left join vendor v on pv.businessentityid = v.BusinessEntityID join productmodel pm on pm.productmodelid = p.productmodelid join unitmeasure u on u.unitmeasurecode = p.sizeunitmeasurecode""","""SELECT p.productid AS productid, pv.businessentityid AS businessentityid, u.unitmeasurecode AS unitmeasurecode FROM product p LEFT JOIN productvendor pv ON p.productid = pv.productid LEFT JOIN vendor v ON pv.businessentityid = v.businessentityid JOIN productmodel pm ON pm.productmodelid = p.productmodelid JOIN unitmeasure u ON u.unitmeasurecode = p.sizeunitmeasurecode""",0,0,1
adventureworks_jc1,1,jc   ,"""select p.productid,pv.businessentityid, u.unitmeasurecode from product p left join productvendor pv on p.productid = pv.productid left join vendor v on pv.businessentityid = v.BusinessEntityID join productmodel pm on pm.productmodelid = p.productmodelid join unitmeasure u on u.unitmeasurecode = p.sizeunitmeasurecode""","""select p.productid,pv.businessentityid, u.unitmeasurecode from product p LEFT JOIN productvendor pv on p.productid = pv.productid LEFT JOIN vendor v on pv.businessentityid = v.businessentityid JOIN productmodel pm on pm.productmodelid = p.productmodelid JOIN unitmeasure u on p.sizeunitmeasurecode = u.unitmeasurecode""",1,0,1
adventureworks_jc1,2,jc   ,"""select p.productid,pv.businessentityid, u.unitmeasurecode from product p left join productvendor pv on p.productid = pv.productid left join vendor v on pv.businessentityid = v.BusinessEntityID join productmodel pm on pm.productmodelid = p.productmodelid join unitmeasure u on u.unitmeasurecode = p.sizeunitmeasurecode""","""select p.productid,pv.businessentityid, u.unitmeasurecode from product p JOIN productvendor pv on p.productid = pv.productid LEFT JOIN vendor v on pv.businessentityid = v.businessentityid JOIN productmodel pm on pm.productmodelid = p.productmodelid JOIN unitmeasure u on p.sizeunitmeasurecode = u.unitmeasurecode""",2,0,0.95
adventureworks_jc1,2,jt   ,"""select p.productid,pv.businessentityid, u.unitmeasurecode from product p left join productvendor pv on p.productid = pv.productid left join vendor v on pv.businessentityid = v.BusinessEntityID join productmodel pm on pm.productmodelid = p.productmodelid join unitmeasure u on u.unitmeasurecode = p.sizeunitmeasurecode""","""SELECT p.productid AS productid, pv.businessentityid AS businessentityid, u.unitmeasurecode AS unitmeasurecode FROM product p LEFT JOIN productvendor pv ON p.productid = pv.productid LEFT JOIN vendor v ON pv.businessentityid = v.businessentityid JOIN productmodel pm ON pm.productmodelid = p.productmodelid JOIN unitmeasure u ON p.sizeunitmeasurecode = u.unitmeasurecode""",2,0,1
adventureworks_jm2,0,jt   ,"""select p.productid,pv.businessentityid, u.unitmeasurecode from product p left join productvendor pv on p.productid = pv.productid left join vendor v on pv.businessentityid = v.BusinessEntityID join productmodel pm on pm.productmodelid = p.productmodelid join unitmeasure u on u.unitmeasurecode = p.sizeunitmeasurecode""","""SELECT p.productid AS productid, pv.businessentityid AS businessentityid, u.unitmeasurecode AS unitmeasurecode FROM product p FULL JOIN productvendor pv ON p.productid = pv.productid LEFT JOIN vendor v ON pv.businessentityid = v.businessentityid JOIN productmodel pm ON pm.productmodelid = p.productmodelid JOIN unitmeasure u ON u.unitmeasurecode = p.sizeunitmeasurecode""",1,0,0.95
adventureworks_jm2,1,jc   ,"""select p.productid,pv.businessentityid, u.unitmeasurecode from product p left join productvendor pv on p.productid = pv.productid left join vendor v on pv.businessentityid = v.BusinessEntityID join productmodel pm on pm.productmodelid = p.productmodelid join unitmeasure u on u.unitmeasurecode = p.sizeunitmeasurecode""","""select p.productid,pv.businessentityid, u.unitmeasurecode from product p LEFT JOIN productvendor pv on p.productid = pv.productid LEFT JOIN vendor v on pv.businessentityid = v.businessentityid JOIN productmodel pm on pm.productmodelid = p.productmodelid JOIN unitmeasure u on p.sizeunitmeasurecode = u.unitmeasurecode""",1,0,1
adventureworks_jm2,2,jc   ,"""select p.productid,pv.businessentityid, u.unitmeasurecode from product p left join productvendor pv on p.productid = pv.productid left join vendor v on pv.businessentityid = v.BusinessEntityID join productmodel pm on pm.productmodelid = p.productmodelid join unitmeasure u on u.unitmeasurecode = p.sizeunitmeasurecode""","""select p.productid,pv.businessentityid, u.unitmeasurecode from product p LEFT JOIN productvendor pv on p.productid = pv.productid LEFT JOIN vendor v on pv.businessentityid = v.businessentityid JOIN productmodel pm on pm.productmodelid = p.productmodelid LEFT JOIN unitmeasure u on p.sizeunitmeasurecode = u.unitmeasurecode""",1,0,0.95
adventureworks_jm2,2,jt   ,"""select p.productid,pv.businessentityid, u.unitmeasurecode from product p left join productvendor pv on p.productid = pv.productid left join vendor v on pv.businessentityid = v.BusinessEntityID join productmodel pm on pm.productmodelid = p.productmodelid join unitmeasure u on u.unitmeasurecode = p.sizeunitmeasurecode""","""SELECT p.productid AS productid, pv.businessentityid AS businessentityid, u.unitmeasurecode AS unitmeasurecode FROM product p LEFT JOIN productvendor pv ON p.productid = pv.productid LEFT JOIN vendor v ON pv.businessentityid = v.businessentityid JOIN productmodel pm ON pm.productmodelid = p.productmodelid JOIN unitmeasure u ON p.sizeunitmeasurecode = u.unitmeasurecode""",1,0,1
adventureworks_js5,0,jc   ,"""select sh.salesorderid, sod.salesorderdetailid, so.specialofferid from salesorderheader sh join salesorderdetail sod on sh.salesorderid = sod.salesorderid right join specialoffer so on sod.specialofferid = so.specialofferid""","""select sh.salesorderid, sod.salesorderdetailid, so.specialofferid from salesorderheader sh JOIN salesorderdetail sod on sh.orderdate = sod.modifieddate AND sh.salesorderid = sod.salesorderid RIGHT JOIN specialoffer so on sod.specialofferid = so.specialofferid""",107,0,0.833333333
adventureworks_js5,1,jt   ,"""select sh.salesorderid, sod.salesorderdetailid, so.specialofferid from salesorderheader sh join salesorderdetail sod on sh.salesorderid = sod.salesorderid right join specialoffer so on sod.specialofferid = so.specialofferid""","""SELECT sh.salesorderid AS salesorderid, sod.salesorderdetailid AS salesorderdetailid, so.specialofferid AS specialofferid FROM salesorderheader sh JOIN salesorderdetail sod ON sh.salesorderid = sod.salesorderid RIGHT JOIN specialoffer so ON sod.specialofferid = so.specialofferid""",2,0,1
adventureworks_js5,2,jc   ,"""select sh.salesorderid, sod.salesorderdetailid, so.specialofferid from salesorderheader sh join salesorderdetail sod on sh.salesorderid = sod.salesorderid right join specialoffer so on sod.specialofferid = so.specialofferid""","""select sh.salesorderid, sod.salesorderdetailid, so.specialofferid from salesorderheader sh JOIN salesorderdetail sod on sh.salesorderid = sod.salesorderid AND sh.orderdate = sod.modifieddate RIGHT JOIN specialoffer so on sod.specialofferid = so.specialofferid""",5,0,0.833333333
adventureworks_js5,3,jc   ,"""select sh.salesorderid, sod.salesorderdetailid, so.specialofferid from salesorderheader sh join salesorderdetail sod on sh.salesorderid = sod.salesorderid right join specialoffer so on sod.specialofferid = so.specialofferid""","""select sh.salesorderid, sod.salesorderdetailid, so.specialofferid from salesorderheader sh JOIN salesorderdetail sod on sh.orderdate = sod.modifieddate AND sh.salesorderid = sod.salesorderid JOIN specialoffer so on sod.specialofferid = so.specialofferid""",96,0,0.75
adventureworks_js5,3,jt   ,"""select sh.salesorderid, sod.salesorderdetailid, so.specialofferid from salesorderheader sh join salesorderdetail sod on sh.salesorderid = sod.salesorderid right join specialoffer so on sod.specialofferid = so.specialofferid""","""SELECT sh.salesorderid AS salesorderid, sod.salesorderdetailid AS salesorderdetailid, so.specialofferid AS specialofferid FROM salesorderheader sh JOIN salesorderdetail sod ON sh.orderdate = sod.modifieddate AND sh.salesorderid = sod.salesorderid RIGHT JOIN specialoffer so ON sod.specialofferid = so.specialofferid""",96,0,0.833333333
adventureworks_js4,0,jt   ,"""select sh.salesorderid, sod.salesorderdetailid, so.specialofferid from salesorderheader sh join salesorderdetail sod on sh.salesorderid = sod.salesorderid join specialoffer so on sod.specialofferid = so.specialofferid""","""SELECT sh.salesorderid AS salesorderid, sod.salesorderdetailid AS salesorderdetailid, so.specialofferid AS specialofferid FROM salesorderheader sh JOIN salesorderdetail sod ON sh.salesorderid = sod.salesorderid JOIN specialoffer so ON sod.specialofferid = so.specialofferid""",2,0,1
adventureworks_js4,1,jc   ,"""select sh.salesorderid, sod.salesorderdetailid, so.specialofferid from salesorderheader sh join salesorderdetail sod on sh.salesorderid = sod.salesorderid join specialoffer so on sod.specialofferid = so.specialofferid""","""select sh.salesorderid, sod.salesorderdetailid, so.specialofferid from salesorderheader sh JOIN salesorderdetail sod on sh.orderdate = sod.modifieddate AND sh.salesorderid = sod.salesorderid JOIN specialoffer so on sod.specialofferid = so.specialofferid""",106,0,0.833333333
adventureworks_js4,2,jc   ,"""select sh.salesorderid, sod.salesorderdetailid, so.specialofferid from salesorderheader sh join salesorderdetail sod on sh.salesorderid = sod.salesorderid join specialoffer so on sod.specialofferid = so.specialofferid""","""select sh.salesorderid, sod.salesorderdetailid, so.specialofferid from salesorderheader sh JOIN salesorderdetail sod on sh.salesorderid = sod.salesorderid AND sh.orderdate = sod.modifieddate JOIN specialoffer so on sod.specialofferid = so.specialofferid""",5,0,0.833333333
adventureworks_js4,3,jc   ,"""select sh.salesorderid, sod.salesorderdetailid, so.specialofferid from salesorderheader sh join salesorderdetail sod on sh.salesorderid = sod.salesorderid join specialoffer so on sod.specialofferid = so.specialofferid""","""select sh.salesorderid, sod.salesorderdetailid, so.specialofferid from salesorderheader sh JOIN salesorderdetail sod on sh.orderdate = sod.modifieddate AND sh.salesorderid = sod.salesorderid RIGHT JOIN specialoffer so on sod.specialofferid = so.specialofferid""",106,0,0.75
adventureworks_js4,3,jt   ,"""select sh.salesorderid, sod.salesorderdetailid, so.specialofferid from salesorderheader sh join salesorderdetail sod on sh.salesorderid = sod.salesorderid join specialoffer so on sod.specialofferid = so.specialofferid""","""SELECT sh.salesorderid AS salesorderid, sod.salesorderdetailid AS salesorderdetailid, so.specialofferid AS specialofferid FROM salesorderheader sh JOIN salesorderdetail sod ON sh.orderdate = sod.modifieddate AND sh.salesorderid = sod.salesorderid JOIN specialoffer so ON sod.specialofferid = so.specialofferid""",106,0,0.833333333
adventureworks_jm3,1,jc   ,"""select p.productid,pv.businessentityid, pm.productmodelid from product p left join productvendor pv on p.productid = pv.productid left join vendor v on pv.businessentityid = v.BusinessEntityID join productmodel pm on pm.productmodelid = p.productmodelid""","""select p.productid,pv.businessentityid, pm.productmodelid from product p LEFT JOIN productvendor pv on p.productid = pv.productid LEFT JOIN vendor v on pv.businessentityid = v.businessentityid JOIN productmodel pm on p.productmodelid = pm.productmodelid""",2,0,1
adventureworks_jm3,2,jc   ,"""select p.productid,pv.businessentityid, pm.productmodelid from product p left join productvendor pv on p.productid = pv.productid left join vendor v on pv.businessentityid = v.BusinessEntityID join productmodel pm on pm.productmodelid = p.productmodelid""","""select p.productid,pv.businessentityid, pm.productmodelid from product p LEFT JOIN productvendor pv on p.productid = pv.productid LEFT JOIN vendor v on pv.businessentityid = v.businessentityid JOIN productmodel pm on pm.productmodelid = p.productmodelid""",1,0,1
adventureworks_jm4,0,jt   ,"""select p.productid,pv.businessentityid, pm.productmodelid from product p join productvendor pv on p.productid = pv.productid left join vendor v on pv.businessentityid = v.BusinessEntityID join productmodel pm on pm.productmodelid = p.productmodelid""","""SELECT p.productid AS productid, pv.businessentityid AS businessentityid, pm.productmodelid AS productmodelid FROM product p JOIN productvendor pv ON p.productid = pv.productid LEFT JOIN vendor v ON pv.businessentityid = v.businessentityid JOIN productmodel pm ON pm.productmodelid = p.productmodelid""",0,0,1
adventureworks_jm4,1,jc   ,"""select p.productid,pv.businessentityid, pm.productmodelid from product p join productvendor pv on p.productid = pv.productid left join vendor v on pv.businessentityid = v.BusinessEntityID join productmodel pm on pm.productmodelid = p.productmodelid""","""select p.productid,pv.businessentityid, pm.productmodelid from product p JOIN productvendor pv on p.productid = pv.productid LEFT JOIN vendor v on pv.businessentityid = v.businessentityid JOIN productmodel pm on p.productmodelid = pm.productmodelid""",1,0,1
adventureworks_jm4,2,jc   ,"""select p.productid,pv.businessentityid, pm.productmodelid from product p join productvendor pv on p.productid = pv.productid left join vendor v on pv.businessentityid = v.BusinessEntityID join productmodel pm on pm.productmodelid = p.productmodelid""","""select p.productid,pv.businessentityid, pm.productmodelid from product p JOIN productvendor pv on p.productid = pv.productid LEFT JOIN vendor v on pv.businessentityid = v.businessentityid JOIN productmodel pm on pm.productmodelid = p.productmodelid""",4,0,1
adventureworks_jm4,3,jc   ,"""select p.productid,pv.businessentityid, pm.productmodelid from product p join productvendor pv on p.productid = pv.productid left join vendor v on pv.businessentityid = v.BusinessEntityID join productmodel pm on pm.productmodelid = p.productmodelid""","""select p.productid,pv.businessentityid, pm.productmodelid from product p LEFT JOIN productvendor pv on p.productid = pv.productid LEFT JOIN vendor v on pv.businessentityid = v.businessentityid LEFT JOIN productmodel pm on p.productmodelid = pm.productmodelid""",3,0,0.866666667
adventureworks_jm4,3,jt   ,"""select p.productid,pv.businessentityid, pm.productmodelid from product p join productvendor pv on p.productid = pv.productid left join vendor v on pv.businessentityid = v.BusinessEntityID join productmodel pm on pm.productmodelid = p.productmodelid""","""SELECT p.productid AS productid, pv.businessentityid AS businessentityid, pm.productmodelid AS productmodelid FROM product p JOIN productvendor pv ON p.productid = pv.productid LEFT JOIN vendor v ON pv.businessentityid = v.businessentityid JOIN productmodel pm ON p.productmodelid = pm.productmodelid""",3,0,1
adventureworks_js3,0,jt   ,"""select sh.salesorderid, sod.salesorderdetailid, sp.businessentityid from salesorderheader sh join salesorderdetail sod on sh.salesorderid = sod.salesorderid join salesperson sp on sh.salespersonid = sp.businessentityid""","""SELECT sh.salesorderid AS salesorderid, sod.salesorderdetailid AS salesorderdetailid, sp.businessentityid AS businessentityid FROM salesorderheader sh JOIN salesorderdetail sod ON sh.salesorderid = sod.salesorderid JOIN salesperson sp ON sh.salespersonid = sp.businessentityid""",2,0,1
adventureworks_js3,1,jc   ,"""select sh.salesorderid, sod.salesorderdetailid, sp.businessentityid from salesorderheader sh join salesorderdetail sod on sh.salesorderid = sod.salesorderid join salesperson sp on sh.salespersonid = sp.businessentityid""","""select sh.salesorderid, sod.salesorderdetailid, sp.businessentityid from salesorderheader sh JOIN salesorderdetail sod on sh.orderdate = sod.modifieddate AND sh.salesorderid = sod.salesorderid JOIN salesperson sp on sh.salespersonid = sp.businessentityid""",16,0,0.833333333
adventureworks_js3,2,jc   ,"""select sh.salesorderid, sod.salesorderdetailid, sp.businessentityid from salesorderheader sh join salesorderdetail sod on sh.salesorderid = sod.salesorderid join salesperson sp on sh.salespersonid = sp.businessentityid""","""select sh.salesorderid, sod.salesorderdetailid, sp.businessentityid from salesorderheader sh JOIN salesorderdetail sod on sh.salesorderid = sod.salesorderid AND sh.orderdate = sod.modifieddate JOIN salesperson sp on sh.salespersonid = sp.businessentityid""",4,0,0.833333333
adventureworks_js3,3,jc   ,"""select sh.salesorderid, sod.salesorderdetailid, sp.businessentityid from salesorderheader sh join salesorderdetail sod on sh.salesorderid = sod.salesorderid join salesperson sp on sh.salespersonid = sp.businessentityid""","""select sh.salesorderid, sod.salesorderdetailid, sp.businessentityid from salesorderheader sh JOIN salesorderdetail sod on sh.orderdate = sod.modifieddate AND sh.salesorderid = sod.salesorderid LEFT JOIN salesperson sp on sh.salespersonid = sp.businessentityid""",19,0,0.75
adventureworks_js3,3,jt   ,"""select sh.salesorderid, sod.salesorderdetailid, sp.businessentityid from salesorderheader sh join salesorderdetail sod on sh.salesorderid = sod.salesorderid join salesperson sp on sh.salespersonid = sp.businessentityid""","""SELECT sh.salesorderid AS salesorderid, sod.salesorderdetailid AS salesorderdetailid, sp.businessentityid AS businessentityid FROM salesorderheader sh JOIN salesorderdetail sod ON sh.orderdate = sod.modifieddate AND sh.salesorderid = sod.salesorderid JOIN salesperson sp ON sh.salespersonid = sp.businessentityid""",19,0,0.833333333
adventureworks_js2,0,jt   ,"""select sh.salesorderid, sod.salesorderdetailid, sp.businessentityid from salesorderheader sh join salesorderdetail sod on sh.salesorderid = sod.salesorderid left join salesperson sp on sh.salespersonid = sp.businessentityid""","""SELECT sh.salesorderid AS salesorderid, sod.salesorderdetailid AS salesorderdetailid, sp.businessentityid AS businessentityid FROM salesorderheader sh JOIN salesorderdetail sod ON sh.salesorderid = sod.salesorderid LEFT JOIN salesperson sp ON sh.salespersonid = sp.businessentityid""",2,0,1
adventureworks_js2,1,jc   ,"""select sh.salesorderid, sod.salesorderdetailid, sp.businessentityid from salesorderheader sh join salesorderdetail sod on sh.salesorderid = sod.salesorderid left join salesperson sp on sh.salespersonid = sp.businessentityid""","""select sh.salesorderid, sod.salesorderdetailid, sp.businessentityid from salesorderheader sh JOIN salesorderdetail sod on sh.orderdate = sod.modifieddate AND sh.salesorderid = sod.salesorderid LEFT JOIN salesperson sp on sh.salespersonid = sp.businessentityid""",19,0,0.833333333
adventureworks_js2,2,jc   ,"""select sh.salesorderid, sod.salesorderdetailid, sp.businessentityid from salesorderheader sh join salesorderdetail sod on sh.salesorderid = sod.salesorderid left join salesperson sp on sh.salespersonid = sp.businessentityid""","""select sh.salesorderid, sod.salesorderdetailid, sp.businessentityid from salesorderheader sh JOIN salesorderdetail sod on sh.salesorderid = sod.salesorderid AND sh.orderdate = sod.modifieddate LEFT JOIN salesperson sp on sh.salespersonid = sp.businessentityid""",6,0,0.833333333
adventureworks_js2,3,jc   ,"""select sh.salesorderid, sod.salesorderdetailid, sp.businessentityid from salesorderheader sh join salesorderdetail sod on sh.salesorderid = sod.salesorderid left join salesperson sp on sh.salespersonid = sp.businessentityid""","""select sh.salesorderid, sod.salesorderdetailid, sp.businessentityid from salesorderheader sh JOIN salesorderdetail sod on sh.orderdate = sod.modifieddate AND sh.salesorderid = sod.salesorderid JOIN salesperson sp on sh.salespersonid = sp.businessentityid""",18,0,0.75
adventureworks_js2,3,jt   ,"""select sh.salesorderid, sod.salesorderdetailid, sp.businessentityid from salesorderheader sh join salesorderdetail sod on sh.salesorderid = sod.salesorderid left join salesperson sp on sh.salespersonid = sp.businessentityid""","""SELECT sh.salesorderid AS salesorderid, sod.salesorderdetailid AS salesorderdetailid, sp.businessentityid AS businessentityid FROM salesorderheader sh JOIN salesorderdetail sod ON sh.orderdate = sod.modifieddate AND sh.salesorderid = sod.salesorderid LEFT JOIN salesperson sp ON sh.salespersonid = sp.businessentityid""",18,0,0.833333333
adventureworks_jm5,0,jt   ,"""select p.productid,pv.businessentityid, pm.productmodelid, u.unitmeasurecode from product p left join productvendor pv on p.productid = pv.productid join vendor v on pv.businessentityid = v.BusinessEntityID join productmodel pm on pm.productmodelid = p.productmodelid join unitmeasure u on u.unitmeasurecode = p.sizeunitmeasurecode""","""SELECT p.productid AS productid, pv.businessentityid AS businessentityid, pm.productmodelid AS productmodelid, u.unitmeasurecode AS unitmeasurecode FROM product p LEFT JOIN productvendor pv ON p.productid = pv.productid JOIN vendor v ON pv.businessentityid = v.businessentityid JOIN productmodel pm ON pm.productmodelid = p.productmodelid JOIN unitmeasure u ON u.unitmeasurecode = p.sizeunitmeasurecode""",0,0,1
adventureworks_jm5,1,jc   ,"""select p.productid,pv.businessentityid, pm.productmodelid, u.unitmeasurecode from product p left join productvendor pv on p.productid = pv.productid join vendor v on pv.businessentityid = v.BusinessEntityID join productmodel pm on pm.productmodelid = p.productmodelid join unitmeasure u on u.unitmeasurecode = p.sizeunitmeasurecode""","""select p.productid,pv.businessentityid, pm.productmodelid, u.unitmeasurecode from product p LEFT JOIN productvendor pv on p.productid = pv.productid JOIN vendor v on pv.businessentityid = v.businessentityid JOIN productmodel pm on pm.productmodelid = p.productmodelid JOIN unitmeasure u on p.sellstartdate = u.modifieddate AND p.sizeunitmeasurecode = u.unitmeasurecode""",1,0,0.909090909
adventureworks_jm5,2,jc   ,"""select p.productid,pv.businessentityid, pm.productmodelid, u.unitmeasurecode from product p left join productvendor pv on p.productid = pv.productid join vendor v on pv.businessentityid = v.BusinessEntityID join productmodel pm on pm.productmodelid = p.productmodelid join unitmeasure u on u.unitmeasurecode = p.sizeunitmeasurecode""","""select p.productid,pv.businessentityid, pm.productmodelid, u.unitmeasurecode from product p LEFT JOIN productvendor pv on p.productid = pv.productid JOIN vendor v on pv.businessentityid = v.businessentityid JOIN productmodel pm on pm.productmodelid = p.productmodelid JOIN unitmeasure u on u.unitmeasurecode = p.sizeunitmeasurecode AND p.sellstartdate = u.modifieddate""",1,0,0.909090909
adventureworks_jm5,3,jc   ,"""select p.productid,pv.businessentityid, pm.productmodelid, u.unitmeasurecode from product p left join productvendor pv on p.productid = pv.productid join vendor v on pv.businessentityid = v.BusinessEntityID join productmodel pm on pm.productmodelid = p.productmodelid join unitmeasure u on u.unitmeasurecode = p.sizeunitmeasurecode""","""select p.productid,pv.businessentityid, pm.productmodelid, u.unitmeasurecode from product p LEFT JOIN productvendor pv on p.productid = pv.productid JOIN vendor v on pv.businessentityid = v.businessentityid JOIN productmodel pm on pm.productmodelid = p.productmodelid LEFT JOIN unitmeasure u on p.sellstartdate = u.modifieddate AND p.sizeunitmeasurecode = u.unitmeasurecode""",2,0,0.863636364
adventureworks_jm5,3,jt   ,"""select p.productid,pv.businessentityid, pm.productmodelid, u.unitmeasurecode from product p left join productvendor pv on p.productid = pv.productid join vendor v on pv.businessentityid = v.BusinessEntityID join productmodel pm on pm.productmodelid = p.productmodelid join unitmeasure u on u.unitmeasurecode = p.sizeunitmeasurecode""","""SELECT p.productid AS productid, pv.businessentityid AS businessentityid, pm.productmodelid AS productmodelid, u.unitmeasurecode AS unitmeasurecode FROM product p LEFT JOIN productvendor pv ON p.productid = pv.productid JOIN vendor v ON pv.businessentityid = v.businessentityid JOIN productmodel pm ON pm.productmodelid = p.productmodelid JOIN unitmeasure u ON p.sellstartdate = u.modifieddate AND p.sizeunitmeasurecode = u.unitmeasurecode""",2,0,0.909090909