script_name,test_id,test_type,tquery,fixed_query,duration,final_score
balance_wc3,0,w    ,"""select md.id as mdid,  d.id as did,  i.id as iid, a.id as aid from medidata_depots md join depots d on d.medidata_depot_id = md.id join inventory_items i on d.id = i.depot_id join lots l on i.lot_id = l.id join article_types a on l.article_type_id = a.id where md.number is not null and d.study_id = 441 and d.id = 531 and i.status in (1,2,3,6)  and a.is_open_label = 'f' and l.released_at < '2014-06-29' and md.name ='Depot1' and md.deleted='f' and d.study_id <500 and l.release_status = 2;""","""select md.id as mdid,  d.id as did,  i.id as iid, a.id as aid from medidata_depots md join depots d on d.medidata_depot_id = md.id join inventory_items i on d.id = i.depot_id join lots l on i.lot_id = l.id join article_types a on l.article_type_id = a.id where md.number is not null and d.study_id = 441 and d.id = 531 and i.status in (1,2,3,6)  and a.is_open_label = 't' and l.released_at < '2014-06-29' and md.name ='Depot1' and md.deleted='f' and d.study_id <500 and l.release_status = 2;""",8,0
balance_wc3,1,w    ,"""select md.id as mdid,  d.id as did,  i.id as iid, a.id as aid from medidata_depots md join depots d on d.medidata_depot_id = md.id join inventory_items i on d.id = i.depot_id join lots l on i.lot_id = l.id join article_types a on l.article_type_id = a.id where md.number is not null and d.study_id = 441 and d.id = 531 and i.status in (1,2,3,6)  and a.is_open_label = 'f' and l.released_at < '2014-06-29' and md.name ='Depot1' and md.deleted='f' and d.study_id <500 and l.release_status = 2;""","""select md.id as mdid,  d.id as did,  i.id as iid, a.id as aid from medidata_depots md join depots d on d.medidata_depot_id = md.id join inventory_items i on d.id = i.depot_id join lots l on i.lot_id = l.id join article_types a on l.article_type_id = a.id where md.number is not null and d.study_id = 441 and d.id = 531 and i.status in (1,2,3,6)  and a.is_open_label <> 'f' and l.released_at < '2014-06-29' and md.name ='Depot1' and md.deleted='f' and d.study_id <500 and l.release_status = 2;""",5,0
balance_wc3,3,w    ,"""select md.id as mdid,  d.id as did,  i.id as iid, a.id as aid from medidata_depots md join depots d on d.medidata_depot_id = md.id join inventory_items i on d.id = i.depot_id join lots l on i.lot_id = l.id join article_types a on l.article_type_id = a.id where md.number is not null and d.study_id = 441 and d.id = 531 and i.status in (1,2,3,6)  and a.is_open_label = 'f' and l.released_at < '2014-06-29' and md.name ='Depot1' and md.deleted='f' and d.study_id <500 and l.release_status = 2;""","""select md.id as mdid,  d.id as did,  i.id as iid, a.id as aid from medidata_depots md join depots d on d.medidata_depot_id = md.id join inventory_items i on d.id = i.depot_id join lots l on i.lot_id = l.id join article_types a on l.article_type_id = a.id where md.number is not null and d.study_id = 441 and d.id = 531 and i.status in (1,2,3,6)  and a.is_open_label = 'f' and l.released_at < '2014-06-29' and md.state ='Depot1' and md.deleted='f' and d.study_id <500 and l.release_status = 2;""",9,14
balance_wc3,4,w    ,"""select md.id as mdid,  d.id as did,  i.id as iid, a.id as aid from medidata_depots md join depots d on d.medidata_depot_id = md.id join inventory_items i on d.id = i.depot_id join lots l on i.lot_id = l.id join article_types a on l.article_type_id = a.id where md.number is not null and d.study_id = 441 and d.id = 531 and i.status in (1,2,3,6)  and a.is_open_label = 'f' and l.released_at < '2014-06-29' and md.name ='Depot1' and md.deleted='f' and d.study_id <500 and l.release_status = 2;""","""select md.id as mdid,  d.id as did,  i.id as iid, a.id as aid from medidata_depots md join depots d on d.medidata_depot_id = md.id join inventory_items i on d.id = i.depot_id join lots l on i.lot_id = l.id join article_types a on l.article_type_id = a.id where md.number is not null and d.study_id = 441 and d.id = 531 and i.status in (1,2,3,6) and l.released_at < '2014-06-29' and md.name ='Depot1' and md.deleted='f' and d.study_id <500 and l.release_status = 2;""",15,0
balance_wc3,5,w    ,"""select md.id as mdid,  d.id as did,  i.id as iid, a.id as aid from medidata_depots md join depots d on d.medidata_depot_id = md.id join inventory_items i on d.id = i.depot_id join lots l on i.lot_id = l.id join article_types a on l.article_type_id = a.id where md.number is not null and d.study_id = 441 and d.id = 531 and i.status in (1,2,3,6)  and a.is_open_label = 'f' and l.released_at < '2014-06-29' and md.name ='Depot1' and md.deleted='f' and d.study_id <500 and l.release_status = 2;""","""select md.id as mdid,  d.id as did,  i.id as iid, a.id as aid from medidata_depots md join depots d on d.medidata_depot_id = md.id join inventory_items i on d.id = i.depot_id join lots l on i.lot_id = l.id join article_types a on l.article_type_id = a.id where md.number is not null and d.study_id = 441 and d.id = 531 and i.status in (2,3,6) and l.released_at < '2014-06-29' and md.name ='Depot1' and md.deleted='f' and d.study_id <500 and l.release_status = 2;""",15,14
balance_wc2,0,w    ,"""select md.id as mdid,  d.id as did,  i.id as iid, a.id as aid from medidata_depots md join depots d on d.medidata_depot_id = md.id join unnumbered_inventory_items i on d.id = i.depot_id join lots l on i.lot_id = l.id join article_types a on l.article_type_id = a.id where md.id = 317 or d.id = 531 or i.quantity =75 or d.emails = 'hvardhinedi@mdsol.com'or i.study_id = 382 or l.id = 1060 or l.expiry_date > '2025-01-01' or l.released_at ='2015-06-02' or a.name = 'Un1' and l.article_type_id =1264 ;""","""select md.id as mdid,  d.id as did,  i.id as iid, a.id as aid from medidata_depots md join depots d on d.medidata_depot_id = md.id join unnumbered_inventory_items i on d.id = i.depot_id join lots l on i.lot_id = l.id join article_types a on l.article_type_id = a.id where md.id = 317 or d.id = 530 or i.quantity =75 or d.emails = 'hvardhinedi@mdsol.com'or i.study_id = 382 or l.id = 1060 or l.expiry_date > '2025-01-01' or l.released_at ='2015-06-02' or a.name = 'Un1' and l.article_type_id =1264 ;""",7,0
balance_wc2,1,w    ,"""select md.id as mdid,  d.id as did,  i.id as iid, a.id as aid from medidata_depots md join depots d on d.medidata_depot_id = md.id join unnumbered_inventory_items i on d.id = i.depot_id join lots l on i.lot_id = l.id join article_types a on l.article_type_id = a.id where md.id = 317 or d.id = 531 or i.quantity =75 or d.emails = 'hvardhinedi@mdsol.com'or i.study_id = 382 or l.id = 1060 or l.expiry_date > '2025-01-01' or l.released_at ='2015-06-02' or a.name = 'Un1' and l.article_type_id =1264 ;""","""select md.id as mdid,  d.id as did,  i.id as iid, a.id as aid from medidata_depots md join depots d on d.medidata_depot_id = md.id join unnumbered_inventory_items i on d.id = i.depot_id join lots l on i.lot_id = l.id join article_types a on l.article_type_id = a.id where md.id = 317 or d.id <> 531 or i.quantity =75 or d.emails = 'hvardhinedi@mdsol.com'or i.study_id = 382 or l.id = 1060 or l.expiry_date > '2025-01-01' or l.released_at ='2015-06-02' or a.name = 'Un1' and l.article_type_id =1264 ;""",7,0
balance_wm1,5,w    ,"""select sg.id as sgid, s.id as sid, d.id as did from medidata_studies as sg join studies as s on sg.id = s.external_id join depots d on d.study_id = s.id where (sg.parent_id = 239 and sg.is_production = 'f' and s.can_generate_blocks ='f') or (sg.parent_id = 284 and s.live = 'f' and s.can_generate_blocks ='t');""","""select sg.id as sgid, s.id as sid, d.id as did from medidata_studies as sg join studies as s on sg.id = s.external_id join depots d on d.study_id = s.id where (sg.parent_id = 239 and sg.is_production = 'f' and s.can_generate_blocks = 'f') or (sg.parent_id = 284 );""",15,0
balance_wc2,2,w    ,"""select md.id as mdid,  d.id as did,  i.id as iid, a.id as aid from medidata_depots md join depots d on d.medidata_depot_id = md.id join unnumbered_inventory_items i on d.id = i.depot_id join lots l on i.lot_id = l.id join article_types a on l.article_type_id = a.id where md.id = 317 or d.id = 531 or i.quantity =75 or d.emails = 'hvardhinedi@mdsol.com'or i.study_id = 382 or l.id = 1060 or l.expiry_date > '2025-01-01' or l.released_at ='2015-06-02' or a.name = 'Un1' and l.article_type_id =1264 ;""","""select md.id as mdid,  d.id as did,  i.id as iid, a.id as aid from medidata_depots md join depots d on d.medidata_depot_id = md.id join unnumbered_inventory_items i on d.id = i.depot_id join lots l on i.lot_id = l.id join article_types a on l.article_type_id = a.id where md.id = 317 or (d.id = 531 and d.active_for_drug_shipping = 'f') or i.quantity =75 or d.emails = 'hvardhinedi@mdsol.com'or i.study_id = 382 or l.id = 1060 or l.expiry_date > '2025-01-01' or l.released_at ='2015-06-02' or a.name = 'Un1' and l.article_type_id =1264 ;""",5,0
balance_wc2,3,w    ,"""select md.id as mdid,  d.id as did,  i.id as iid, a.id as aid from medidata_depots md join depots d on d.medidata_depot_id = md.id join unnumbered_inventory_items i on d.id = i.depot_id join lots l on i.lot_id = l.id join article_types a on l.article_type_id = a.id where md.id = 317 or d.id = 531 or i.quantity =75 or d.emails = 'hvardhinedi@mdsol.com'or i.study_id = 382 or l.id = 1060 or l.expiry_date > '2025-01-01' or l.released_at ='2015-06-02' or a.name = 'Un1' and l.article_type_id =1264 ;""","""select md.id as mdid,  d.id as did,  i.id as iid, a.id as aid from medidata_depots md join depots d on d.medidata_depot_id = md.id join unnumbered_inventory_items i on d.id = i.depot_id join lots l on i.lot_id = l.id join article_types a on l.article_type_id = a.id where md.id = 317 or d.study_id = 531 or i.quantity =75 or d.emails = 'hvardhinedi@mdsol.com'or i.study_id = 382 or l.id = 1060 or l.expiry_date > '2025-01-01' or l.released_at ='2015-06-02' or a.name = 'Un1' and l.article_type_id =1264 ;""",22,53
balance_wc2,4,w    ,"""select md.id as mdid,  d.id as did,  i.id as iid, a.id as aid from medidata_depots md join depots d on d.medidata_depot_id = md.id join unnumbered_inventory_items i on d.id = i.depot_id join lots l on i.lot_id = l.id join article_types a on l.article_type_id = a.id where md.id = 317 or d.id = 531 or i.quantity =75 or d.emails = 'hvardhinedi@mdsol.com'or i.study_id = 382 or l.id = 1060 or l.expiry_date > '2025-01-01' or l.released_at ='2015-06-02' or a.name = 'Un1' and l.article_type_id =1264 ;""","""select md.id as mdid,  d.id as did,  i.id as iid, a.id as aid from medidata_depots md join depots d on d.medidata_depot_id = md.id join unnumbered_inventory_items i on d.id = i.depot_id join lots l on i.lot_id = l.id join article_types a on l.article_type_id = a.id where md.id = 317 or d.id = 531 or d.emails = 'hvardhinedi@mdsol.com'or i.study_id = 382 or l.id = 1060 or l.expiry_date > '2025-01-01' or l.released_at ='2015-06-02' or a.name = 'Un1' and l.article_type_id =1264 ;""",12,583
balance_wc2,5,w    ,"""select md.id as mdid,  d.id as did,  i.id as iid, a.id as aid from medidata_depots md join depots d on d.medidata_depot_id = md.id join unnumbered_inventory_items i on d.id = i.depot_id join lots l on i.lot_id = l.id join article_types a on l.article_type_id = a.id where md.id = 317 or d.id = 531 or i.quantity =75 or d.emails = 'hvardhinedi@mdsol.com'or i.study_id = 382 or l.id = 1060 or l.expiry_date > '2025-01-01' or l.released_at ='2015-06-02' or a.name = 'Un1' and l.article_type_id =1264 ;""","""select md.id as mdid,  d.id as did,  i.id as iid, a.id as aid from medidata_depots md join depots d on d.medidata_depot_id = md.id join unnumbered_inventory_items i on d.id = i.depot_id join lots l on i.lot_id = l.id join article_types a on l.article_type_id = a.id where md.id = 317 or d.id = 530 or d.emails = 'hvardhinedi@mdsol.com'or i.study_id = 382 or l.id = 1060 or l.expiry_date > '2025-01-01' or l.released_at ='2015-06-02' or a.name = 'Un1' and l.article_type_id =1264 ;""",26,566
balance_wm1,0,w    ,"""select sg.id as sgid, s.id as sid, d.id as did from medidata_studies as sg join studies as s on sg.id = s.external_id join depots d on d.study_id = s.id where (sg.parent_id = 239 and sg.is_production = 'f' and s.can_generate_blocks ='f') or (sg.parent_id = 284 and s.live = 'f' and s.can_generate_blocks ='t');""","""select sg.id as sgid, s.id as sid, d.id as did from medidata_studies as sg join studies as s on sg.id = s.external_id join depots d on d.study_id = s.id where (sg.parent_id = 239 and sg.is_production = 'f' and s.can_generate_blocks = 't') or (sg.parent_id = 284 and s.live = 'f' and s.can_generate_blocks = 't');""",3,0
balance_wm1,1,w    ,"""select sg.id as sgid, s.id as sid, d.id as did from medidata_studies as sg join studies as s on sg.id = s.external_id join depots d on d.study_id = s.id where (sg.parent_id = 239 and sg.is_production = 'f' and s.can_generate_blocks ='f') or (sg.parent_id = 284 and s.live = 'f' and s.can_generate_blocks ='t');""","""select sg.id as sgid, s.id as sid, d.id as did from medidata_studies as sg join studies as s on sg.id = s.external_id join depots d on d.study_id = s.id where (sg.parent_id = 239 and sg.is_production = 'f' and s.can_generate_blocks = 'f') or (sg.parent_id = 284 and s.live = 'f' and s.can_generate_blocks != 't');""",2,0
balance_wm1,2,w    ,"""select sg.id as sgid, s.id as sid, d.id as did from medidata_studies as sg join studies as s on sg.id = s.external_id join depots d on d.study_id = s.id where (sg.parent_id = 239 and sg.is_production = 'f' and s.can_generate_blocks ='f') or (sg.parent_id = 284 and s.live = 'f' and s.can_generate_blocks ='t');""","""select sg.id as sgid, s.id as sid, d.id as did from medidata_studies as sg join studies as s on sg.id = s.external_id join depots d on d.study_id = s.id where (sg.parent_id = 239 and sg.is_production = 'f' and s.can_generate_blocks = 'f' and s.name like 'Anar%') or (sg.parent_id = 284 and s.live = 'f' and s.can_generate_blocks = 't');""",6,226
balance_wm1,3,w    ,"""select sg.id as sgid, s.id as sid, d.id as did from medidata_studies as sg join studies as s on sg.id = s.external_id join depots d on d.study_id = s.id where (sg.parent_id = 239 and sg.is_production = 'f' and s.can_generate_blocks ='f') or (sg.parent_id = 284 and s.live = 'f' and s.can_generate_blocks ='t');""","""select sg.id as sgid, s.id as sid, d.id as did from medidata_studies as sg join studies as s on sg.id = s.external_id join depots d on d.study_id = s.id where (sg.parent_id = 239 and sg.is_production = 'f' and s.can_generate_blocks = 'f') or (sg.id = 284 and s.live = 'f' and s.can_generate_blocks = 't');""",71,154
balance_wm1,4,w    ,"""select sg.id as sgid, s.id as sid, d.id as did from medidata_studies as sg join studies as s on sg.id = s.external_id join depots d on d.study_id = s.id where (sg.parent_id = 239 and sg.is_production = 'f' and s.can_generate_blocks ='f') or (sg.parent_id = 284 and s.live = 'f' and s.can_generate_blocks ='t');""","""select sg.id as sgid, s.id as sid, d.id as did from medidata_studies as sg join studies as s on sg.id = s.external_id join depots d on d.study_id = s.id where (sg.parent_id = 239 and sg.is_production = 'f') or (sg.parent_id = 284 and s.live = 'f' and s.can_generate_blocks = 't');""",2,0
balance_wc5,0,w    ,"""select md.id as mdid,  dp.id as did,  i.id as iid, a.id as aid from medidata_depots md join depots dp on dp.medidata_depot_id = md.id join inventory_items i on dp.id = i.depot_id join lots l on i.lot_id = l.id join article_types a on l.article_type_id = a.id where (a.id = 538 and dp.id = 531 and i.status in (1,6)  and a.is_open_label = 'f' and l.released_at < '2014-06-29' and md.deleted='f' and l.release_status = 2) or (md.id <> 531 and l.release_status = 3) or  (md.name = 'Depot141')  or (l.release_status = 1 and l.released_at is NULL);""","""select md.id as mdid,  dp.id as did,  i.id as iid, a.id as aid from medidata_depots md join depots dp on dp.medidata_depot_id = md.id join inventory_items i on dp.id = i.depot_id join lots l on i.lot_id = l.id join article_types a on l.article_type_id = a.id where (a.id = 538 and dp.id = 531 and i.status in (1)  and a.is_open_label = 'f' and l.released_at < '2014-06-29' and md.deleted='f' and l.release_status = 2) or (md.id <> 531 and l.release_status = 3) or ( md.name = 'Depot141')  or (l.release_status = 1 and l.released_at is NULL);""",28,4
balance_wc5,1,w    ,"""select md.id as mdid,  dp.id as did,  i.id as iid, a.id as aid from medidata_depots md join depots dp on dp.medidata_depot_id = md.id join inventory_items i on dp.id = i.depot_id join lots l on i.lot_id = l.id join article_types a on l.article_type_id = a.id where (a.id = 538 and dp.id = 531 and i.status in (1,6)  and a.is_open_label = 'f' and l.released_at < '2014-06-29' and md.deleted='f' and l.release_status = 2) or (md.id <> 531 and l.release_status = 3) or  (md.name = 'Depot141')  or (l.release_status = 1 and l.released_at is NULL);""","""select md.id as mdid,  dp.id as did,  i.id as iid, a.id as aid from medidata_depots md join depots dp on dp.medidata_depot_id = md.id join inventory_items i on dp.id = i.depot_id join lots l on i.lot_id = l.id join article_types a on l.article_type_id = a.id where (a.id = 538 and dp.id = 531 and i.status in (1,6)  and a.is_open_label = 'f' and l.released_at < '2014-06-29' and md.deleted='f' and l.release_status = 2) or (md.id <> 531 and l.release_status = 3) or ( md.name = 'Depot141')  or (l.release_status = 1 and l.released_at is not NULL);""",12,0
balance_wc5,2,w    ,"""select md.id as mdid,  dp.id as did,  i.id as iid, a.id as aid from medidata_depots md join depots dp on dp.medidata_depot_id = md.id join inventory_items i on dp.id = i.depot_id join lots l on i.lot_id = l.id join article_types a on l.article_type_id = a.id where (a.id = 538 and dp.id = 531 and i.status in (1,6)  and a.is_open_label = 'f' and l.released_at < '2014-06-29' and md.deleted='f' and l.release_status = 2) or (md.id <> 531 and l.release_status = 3) or  (md.name = 'Depot141')  or (l.release_status = 1 and l.released_at is NULL);""","""select md.id as mdid,  dp.id as did,  i.id as iid, a.id as aid from medidata_depots md join depots dp on dp.medidata_depot_id = md.id join inventory_items i on dp.id = i.depot_id join lots l on i.lot_id = l.id join article_types a on l.article_type_id = a.id where (a.id = 538 and dp.id = 531 and i.status in (1,6)  and a.is_open_label = 'f' and l.released_at < '2014-06-29' and md.deleted='f' and l.release_status = 2) or (md.id <> 531 and l.release_status = 3) or ( md.name = 'Depot141')  or (l.release_status = 1 and l.released_at is NULL and dp.id=530);""",12,0
balance_wc5,3,w    ,"""select md.id as mdid,  dp.id as did,  i.id as iid, a.id as aid from medidata_depots md join depots dp on dp.medidata_depot_id = md.id join inventory_items i on dp.id = i.depot_id join lots l on i.lot_id = l.id join article_types a on l.article_type_id = a.id where (a.id = 538 and dp.id = 531 and i.status in (1,6)  and a.is_open_label = 'f' and l.released_at < '2014-06-29' and md.deleted='f' and l.release_status = 2) or (md.id <> 531 and l.release_status = 3) or  (md.name = 'Depot141')  or (l.release_status = 1 and l.released_at is NULL);""","""select md.id as mdid,  dp.id as did,  i.id as iid, a.id as aid from medidata_depots md join depots dp on dp.medidata_depot_id = md.id join inventory_items i on dp.id = i.depot_id join lots l on i.lot_id = l.id join article_types a on l.article_type_id = a.id where (a.id = 538 and dp.id = 531 and i.status in (1,6)  and a.is_open_label = 'f' and l.released_at < '2014-06-29' and dp.active_for_drug_shipping='f' and l.release_status = 2) or (md.id <> 531 and l.release_status = 3)  or ( md.name = 'Depot141') or (l.release_status = 1 and l.released_at is NULL) ;""",27,30
balance_wc5,4,w    ,"""select md.id as mdid,  dp.id as did,  i.id as iid, a.id as aid from medidata_depots md join depots dp on dp.medidata_depot_id = md.id join inventory_items i on dp.id = i.depot_id join lots l on i.lot_id = l.id join article_types a on l.article_type_id = a.id where (a.id = 538 and dp.id = 531 and i.status in (1,6)  and a.is_open_label = 'f' and l.released_at < '2014-06-29' and md.deleted='f' and l.release_status = 2) or (md.id <> 531 and l.release_status = 3) or  (md.name = 'Depot141')  or (l.release_status = 1 and l.released_at is NULL);""","""select md.id as mdid,  dp.id as did,  i.id as iid, a.id as aid from medidata_depots md join depots dp on dp.medidata_depot_id = md.id join inventory_items i on dp.id = i.depot_id join lots l on i.lot_id = l.id join article_types a on l.article_type_id = a.id where (a.id = 538 and dp.id = 531 and i.status in (1,6)  and a.is_open_label = 'f' and l.released_at < '2014-06-29' and md.deleted='f' and l.release_status = 2) or (md.id <> 531 and l.release_status = 3) or (l.release_status = 1 and l.released_at is NULL);""",156,7
balance_wc5,5,w    ,"""select md.id as mdid,  dp.id as did,  i.id as iid, a.id as aid from medidata_depots md join depots dp on dp.medidata_depot_id = md.id join inventory_items i on dp.id = i.depot_id join lots l on i.lot_id = l.id join article_types a on l.article_type_id = a.id where (a.id = 538 and dp.id = 531 and i.status in (1,6)  and a.is_open_label = 'f' and l.released_at < '2014-06-29' and md.deleted='f' and l.release_status = 2) or (md.id <> 531 and l.release_status = 3) or  (md.name = 'Depot141')  or (l.release_status = 1 and l.released_at is NULL);""","""select md.id as mdid,  dp.id as did,  i.id as iid, a.id as aid from medidata_depots md join depots dp on dp.medidata_depot_id = md.id join inventory_items i on dp.id = i.depot_id join lots l on i.lot_id = l.id join article_types a on l.article_type_id = a.id where (a.id = 538 and dp.id = 531 and i.status in (1)  and a.is_open_label = 'f' and l.released_at < '2014-06-29' and md.deleted='f' and l.release_status = 2) or (md.id <> 531 and l.release_status = 3)  or (l.release_status = 1 and l.released_at is NULL) ;""",70,2
balance_ws1,0,w    ,"""select ms.id as msid, ms.parent_id, ms.is_production, s.id as sid from medidata_studies as ms join studies as s on ms.id = s.external_id where (ms.parent_id = 239 and ms.is_production = 'f') or (ms.id > 1000 and ms.is_production = 'f');""","""select ms.id as msid, ms.parent_id, ms.is_production, s.id as sid from medidata_studies as ms join studies as s on ms.id = s.external_id where (ms.parent_id = 239 and ms.is_production = 'f') or (ms.id > 3000 and ms.is_production = 'f');""",2,0
balance_ws1,1,w    ,"""select ms.id as msid, ms.parent_id, ms.is_production, s.id as sid from medidata_studies as ms join studies as s on ms.id = s.external_id where (ms.parent_id = 239 and ms.is_production = 'f') or (ms.id > 1000 and ms.is_production = 'f');""","""select ms.id as msid, ms.parent_id, ms.is_production, s.id as sid from medidata_studies as ms join studies as s on ms.id = s.external_id where (ms.parent_id = 239 and ms.is_production = 'f') or (ms.id > 1000 and ms.is_production != 'f');""",2,0
balance_ws1,2,w    ,"""select ms.id as msid, ms.parent_id, ms.is_production, s.id as sid from medidata_studies as ms join studies as s on ms.id = s.external_id where (ms.parent_id = 239 and ms.is_production = 'f') or (ms.id > 1000 and ms.is_production = 'f');""","""select ms.id as msid, ms.parent_id, ms.is_production, s.id as sid from medidata_studies as ms join studies as s on ms.id = s.external_id where (ms.parent_id = 239 and ms.is_production = 'f' and s.unblinded='f') or (ms.id > 1000 and ms.is_production = 'f');""",2,0
balance_ws1,3,w    ,"""select ms.id as msid, ms.parent_id, ms.is_production, s.id as sid from medidata_studies as ms join studies as s on ms.id = s.external_id where (ms.parent_id = 239 and ms.is_production = 'f') or (ms.id > 1000 and ms.is_production = 'f');""","""select ms.id as msid, ms.parent_id, ms.is_production, s.id as sid from medidata_studies as ms join studies as s on ms.id = s.external_id where (ms.id = 135 and ms.is_production = 'f') or (ms.id > 1000 and ms.is_production = 'f');""",2,0
balance_ws1,4,w    ,"""select ms.id as msid, ms.parent_id, ms.is_production, s.id as sid from medidata_studies as ms join studies as s on ms.id = s.external_id where (ms.parent_id = 239 and ms.is_production = 'f') or (ms.id > 1000 and ms.is_production = 'f');""","""select ms.id as msid, ms.parent_id, ms.is_production, s.id as sid from medidata_studies as ms join studies as s on ms.id = s.external_id where (ms.parent_id = 239 and ms.is_production = 'f') or (ms.id > 1000 );""",1,0
balance_ws1,5,w    ,"""select ms.id as msid, ms.parent_id, ms.is_production, s.id as sid from medidata_studies as ms join studies as s on ms.id = s.external_id where (ms.parent_id = 239 and ms.is_production = 'f') or (ms.id > 1000 and ms.is_production = 'f');""","""select ms.id as msid, ms.parent_id, ms.is_production, s.id as sid from medidata_studies as ms join studies as s on ms.id = s.external_id where (ms.parent_id = 135 and ms.is_production = 'f') or (ms.id > 1000 and ms.is_production = 't');""",5,0
balance_wc4,0,w    ,"""select md.id as mdid,  dp.id as did,  i.id as iid, a.id as aid from medidata_depots md join depots dp on dp.medidata_depot_id = md.id join inventory_items i on dp.id = i.depot_id join lots l on i.lot_id = l.id join article_types a on l.article_type_id = a.id where (a.id = 538 and dp.id = 531 and i.status in (1,2,3,6)  and a.is_open_label = 'f' and l.released_at < '2014-06-29' and md.name ='Depot1' and md.deleted='f' and dp.study_id <500 and l.release_status = 2) or (md.id = 709 and l.release_status = 3) or (a.id =551 and md.name = 'Depot2');""","""select md.id as mdid,  dp.id as did,  i.id as iid, a.id as aid from medidata_depots md join depots dp on dp.medidata_depot_id = md.id join inventory_items i on dp.id = i.depot_id join lots l on i.lot_id = l.id join article_types a on l.article_type_id = a.id where (a.id = 538 and dp.id = 531 and i.status in (1,2,3)  and a.is_open_label = 'f' and l.released_at < '2014-06-29' and md.name ='Depot1' and md.deleted='f' and dp.study_id <500 and l.release_status = 2) or (md.id = 709 and l.release_status = 3) or (a.id = 551 and md.name = 'Depot2');""",31,4
balance_wc4,1,w    ,"""select md.id as mdid,  dp.id as did,  i.id as iid, a.id as aid from medidata_depots md join depots dp on dp.medidata_depot_id = md.id join inventory_items i on dp.id = i.depot_id join lots l on i.lot_id = l.id join article_types a on l.article_type_id = a.id where (a.id = 538 and dp.id = 531 and i.status in (1,2,3,6)  and a.is_open_label = 'f' and l.released_at < '2014-06-29' and md.name ='Depot1' and md.deleted='f' and dp.study_id <500 and l.release_status = 2) or (md.id = 709 and l.release_status = 3) or (a.id =551 and md.name = 'Depot2');""","""select md.id as mdid,  dp.id as did,  i.id as iid, a.id as aid from medidata_depots md join depots dp on dp.medidata_depot_id = md.id join inventory_items i on dp.id = i.depot_id join lots l on i.lot_id = l.id join article_types a on l.article_type_id = a.id where (a.id = 538 and dp.id = 531 and i.status in (1,2,3,6)  and a.is_open_label = 'f' and l.released_at < '2014-06-29' and md.name ='Depot1' and md.deleted='f' and dp.study_id >500 and l.release_status = 2) or (md.id = 709 and l.release_status = 3) or (a.id = 551 and md.name = 'Depot2');""",29,30
balance_wc4,2,w    ,"""select md.id as mdid,  dp.id as did,  i.id as iid, a.id as aid from medidata_depots md join depots dp on dp.medidata_depot_id = md.id join inventory_items i on dp.id = i.depot_id join lots l on i.lot_id = l.id join article_types a on l.article_type_id = a.id where (a.id = 538 and dp.id = 531 and i.status in (1,2,3,6)  and a.is_open_label = 'f' and l.released_at < '2014-06-29' and md.name ='Depot1' and md.deleted='f' and dp.study_id <500 and l.release_status = 2) or (md.id = 709 and l.release_status = 3) or (a.id =551 and md.name = 'Depot2');""","""select md.id as mdid,  dp.id as did,  i.id as iid, a.id as aid from medidata_depots md join depots dp on dp.medidata_depot_id = md.id join inventory_items i on dp.id = i.depot_id join lots l on i.lot_id = l.id join article_types a on l.article_type_id = a.id where (a.id = 538 and dp.id = 531 and i.status in (1,2,3,6)  and a.is_open_label = 'f' and l.released_at < '2014-06-29' and md.name ='Depot1' and md.deleted='f' and dp.study_id <500 and l.release_status = 2) or (md.id = 709 and l.release_status = 3) or (a.id = 551 and md.name = 'Depot2' and l.release_status = 3);""",4,0
balance_wc4,3,w    ,"""select md.id as mdid,  dp.id as did,  i.id as iid, a.id as aid from medidata_depots md join depots dp on dp.medidata_depot_id = md.id join inventory_items i on dp.id = i.depot_id join lots l on i.lot_id = l.id join article_types a on l.article_type_id = a.id where (a.id = 538 and dp.id = 531 and i.status in (1,2,3,6)  and a.is_open_label = 'f' and l.released_at < '2014-06-29' and md.name ='Depot1' and md.deleted='f' and dp.study_id <500 and l.release_status = 2) or (md.id = 709 and l.release_status = 3) or (a.id =551 and md.name = 'Depot2');""","""select md.id as mdid,  dp.id as did,  i.id as iid, a.id as aid from medidata_depots md join depots dp on dp.medidata_depot_id = md.id join inventory_items i on dp.id = i.depot_id join lots l on i.lot_id = l.id join article_types a on l.article_type_id = a.id where (a.id = 538 and dp.id = 531 and i.status in (1,2,3,6)  and a.is_open_label = 'f' and l.released_at < '2014-06-29' and md.name ='Depot1' and md.deleted='f' and dp.study_id <500 and l.release_status = 2) or (md.id = 709 and dp.study_id = 3) or (a.id = 551 and md.name = 'Depot2');""",4,0
balance_wc4,4,w    ,"""select md.id as mdid,  dp.id as did,  i.id as iid, a.id as aid from medidata_depots md join depots dp on dp.medidata_depot_id = md.id join inventory_items i on dp.id = i.depot_id join lots l on i.lot_id = l.id join article_types a on l.article_type_id = a.id where (a.id = 538 and dp.id = 531 and i.status in (1,2,3,6)  and a.is_open_label = 'f' and l.released_at < '2014-06-29' and md.name ='Depot1' and md.deleted='f' and dp.study_id <500 and l.release_status = 2) or (md.id = 709 and l.release_status = 3) or (a.id =551 and md.name = 'Depot2');""","""select md.id as mdid,  dp.id as did,  i.id as iid, a.id as aid from medidata_depots md join depots dp on dp.medidata_depot_id = md.id join inventory_items i on dp.id = i.depot_id join lots l on i.lot_id = l.id join article_types a on l.article_type_id = a.id where (a.id = 538 and dp.id = 531 and i.status in (1,2,3,6)  and a.is_open_label = 'f' and l.released_at < '2014-06-29' and md.name ='Depot1' and md.deleted='f' and dp.study_id <500 and l.release_status = 2) or (l.release_status = 3) or (a.id = 551 and md.name = 'Depot2');""",4,0
balance_wc4,5,w    ,"""select md.id as mdid,  dp.id as did,  i.id as iid, a.id as aid from medidata_depots md join depots dp on dp.medidata_depot_id = md.id join inventory_items i on dp.id = i.depot_id join lots l on i.lot_id = l.id join article_types a on l.article_type_id = a.id where (a.id = 538 and dp.id = 531 and i.status in (1,2,3,6)  and a.is_open_label = 'f' and l.released_at < '2014-06-29' and md.name ='Depot1' and md.deleted='f' and dp.study_id <500 and l.release_status = 2) or (md.id = 709 and l.release_status = 3) or (a.id =551 and md.name = 'Depot2');""","""select md.id as mdid,  dp.id as did,  i.id as iid, a.id as aid from medidata_depots md join depots dp on dp.medidata_depot_id = md.id join inventory_items i on dp.id = i.depot_id join lots l on i.lot_id = l.id join article_types a on l.article_type_id = a.id where (a.id = 538 and dp.id = 531 and i.status in (1,2,3)  and a.is_open_label = 'f' and l.released_at < '2014-06-29' and md.name ='Depot1' and md.deleted='f' and dp.study_id <500 and l.release_status = 2) or (l.release_status = 3) or (a.id = 551 and md.name = 'Depot2');""",50,26
balance_wc4,6,w    ,"""select md.id as mdid,  dp.id as did,  i.id as iid, a.id as aid from medidata_depots md join depots dp on dp.medidata_depot_id = md.id join inventory_items i on dp.id = i.depot_id join lots l on i.lot_id = l.id join article_types a on l.article_type_id = a.id where (a.id = 538 and dp.id = 531 and i.status in (1,2,3,6)  and a.is_open_label = 'f' and l.released_at < '2014-06-29' and md.name ='Depot1' and md.deleted='f' and dp.study_id <500 and l.release_status = 2) or (md.id = 709 and l.release_status = 3) or (a.id =551 and md.name = 'Depot2');""","""select md.id as mdid,  dp.id as did,  i.id as iid, a.id as aid from medidata_depots md join depots dp on dp.medidata_depot_id = md.id join inventory_items i on dp.id = i.depot_id join lots l on i.lot_id = l.id join article_types a on l.article_type_id = a.id where (a.id = 538 and dp.id = 531 and i.status in (1,2,3,6)  and a.is_open_label = 'f' and l.released_at < '2014-06-29' and md.name ='Depot1' and md.deleted='f' and dp.study_id <500 and l.release_status = 2) or (md.id = 709 and l.release_status = 3) or (a.id = 551);""",4,0
balance_wc4,7,w    ,"""select md.id as mdid,  dp.id as did,  i.id as iid, a.id as aid from medidata_depots md join depots dp on dp.medidata_depot_id = md.id join inventory_items i on dp.id = i.depot_id join lots l on i.lot_id = l.id join article_types a on l.article_type_id = a.id where (a.id = 538 and dp.id = 531 and i.status in (1,2,3,6)  and a.is_open_label = 'f' and l.released_at < '2014-06-29' and md.name ='Depot1' and md.deleted='f' and dp.study_id <500 and l.release_status = 2) or (md.id = 709 and l.release_status = 3) or (a.id =551 and md.name = 'Depot2');""","""select md.id as mdid,  dp.id as did,  i.id as iid, a.id as aid from medidata_depots md join depots dp on dp.medidata_depot_id = md.id join inventory_items i on dp.id = i.depot_id join lots l on i.lot_id = l.id join article_types a on l.article_type_id = a.id where (a.id = 538 and dp.id = 531 and i.status in (1,2,3)  and a.is_open_label = 'f' and l.released_at < '2014-06-29' and md.name ='Depot1' and md.deleted='f' and dp.study_id <500 and l.release_status = 2) or (md.id = 709 and l.release_status = 3) or (md.name = 'Depot2');""",26,2
balance_ws3,0,w    ,"""select ms.id as msid, ms.parent_id, ms.is_production, s.id as sid from medidata_studies as ms join studies as s on ms.id = s.external_id where ms.name like 'SmokeTest%' and ms.is_production='f' and s.can_generate_blocks='t' and s.external_id > 45230;""","""select ms.id as msid, ms.parent_id, ms.is_production, s.id as sid from medidata_studies as ms join studies as s on ms.id = s.external_id where ms.name like 'SmokeTest%' and ms.is_production='f' and s.can_generate_blocks='t' and s.external_id > 45235;""",2,0
balance_ws3,1,w    ,"""select ms.id as msid, ms.parent_id, ms.is_production, s.id as sid from medidata_studies as ms join studies as s on ms.id = s.external_id where ms.name like 'SmokeTest%' and ms.is_production='f' and s.can_generate_blocks='t' and s.external_id > 45230;""","""select ms.id as msid, ms.parent_id, ms.is_production, s.id as sid from medidata_studies as ms join studies as s on ms.id = s.external_id where ms.name like 'SmokeTest%' and ms.is_production='f' and s.can_generate_blocks='t' and s.external_id < 45230;""",2,0
balance_ws3,2,w    ,"""select ms.id as msid, ms.parent_id, ms.is_production, s.id as sid from medidata_studies as ms join studies as s on ms.id = s.external_id where ms.name like 'SmokeTest%' and ms.is_production='f' and s.can_generate_blocks='t' and s.external_id > 45230;""","""select ms.id as msid, ms.parent_id, ms.is_production, s.id as sid from medidata_studies as ms join studies as s on ms.id = s.external_id where ms.name like 'SmokeTest%' and ms.is_production='f' and s.can_generate_blocks='t' and s.external_id > 45230 and s.needs_design_by_wizard='t';""",2,0
balance_ws3,3,w    ,"""select ms.id as msid, ms.parent_id, ms.is_production, s.id as sid from medidata_studies as ms join studies as s on ms.id = s.external_id where ms.name like 'SmokeTest%' and ms.is_production='f' and s.can_generate_blocks='t' and s.external_id > 45230;""","""select ms.id as msid, ms.parent_id, ms.is_production, s.id as sid from medidata_studies as ms join studies as s on ms.id = s.external_id where ms.name like 'SmokeTest%' and ms.is_production='f' and s.needs_design_by_wizard='t' and s.external_id > 45230;""",2,0
balance_ws3,4,w    ,"""select ms.id as msid, ms.parent_id, ms.is_production, s.id as sid from medidata_studies as ms join studies as s on ms.id = s.external_id where ms.name like 'SmokeTest%' and ms.is_production='f' and s.can_generate_blocks='t' and s.external_id > 45230;""","""select ms.id as msid, ms.parent_id, ms.is_production, s.id as sid from medidata_studies as ms join studies as s on ms.id = s.external_id where ms.name like 'SmokeTest%' and ms.is_production='f' and s.can_generate_blocks='t';""",1,0
balance_ws3,5,w    ,"""select ms.id as msid, ms.parent_id, ms.is_production, s.id as sid from medidata_studies as ms join studies as s on ms.id = s.external_id where ms.name like 'SmokeTest%' and ms.is_production='f' and s.can_generate_blocks='t' and s.external_id > 45230;""","""select ms.id as msid, ms.parent_id, ms.is_production, s.id as sid from medidata_studies as ms join studies as s on ms.id = s.external_id where ms.name like 'SmokeTest%' and ms.is_production='f' and s.can_generate_blocks='f' and s.external_id > 45220  and s.needs_design_by_wizard='t';""",2,0
balance_wm4,0,w    ,"""SELECT su.id as suid, s.id as sid, ms.id as msid FROM subjects su join sites s on su.site_id = s.id join medidata_sites ms on s.external_id= ms.id where ( s.study_id = 38 and su.randomized_at ='2013-11-22 15:52:08-05') or (su.regime_id = 14 and  su.randomized_at ='2013-10-08 22:44:26-04' and su.removed_from_dispensing = 'f') or (s.id = 8 and su.regime_id = 13);""","""SELECT su.id as suid, s.id as sid, ms.id as msid FROM subjects su join sites s on su.site_id = s.id join medidata_sites ms on s.external_id= ms.id where ( s.study_id = 38 and su.randomized_at ='2013-11-22 15:49:04-05') or (su.regime_id = 14 and  su.randomized_at ='2013-10-08 22:44:26-04' and su.removed_from_dispensing = 'f') or (s.id = 8 and su.regime_id = 13);""",5,0
balance_wm4,1,w    ,"""SELECT su.id as suid, s.id as sid, ms.id as msid FROM subjects su join sites s on su.site_id = s.id join medidata_sites ms on s.external_id= ms.id where ( s.study_id = 38 and su.randomized_at ='2013-11-22 15:52:08-05') or (su.regime_id = 14 and  su.randomized_at ='2013-10-08 22:44:26-04' and su.removed_from_dispensing = 'f') or (s.id = 8 and su.regime_id = 13);""","""SELECT su.id as suid, s.id as sid, ms.id as msid FROM subjects su join sites s on su.site_id = s.id join medidata_sites ms on s.external_id= ms.id where ( s.study_id = 38 and su.randomized_at <'2013-11-22 15:52:08-05') or (su.regime_id = 14 and  su.randomized_at ='2013-10-08 22:44:26-04' and su.removed_from_dispensing = 'f') or (s.id = 8 and su.regime_id = 13);""",2,0
balance_wm4,2,w    ,"""SELECT su.id as suid, s.id as sid, ms.id as msid FROM subjects su join sites s on su.site_id = s.id join medidata_sites ms on s.external_id= ms.id where ( s.study_id = 38 and su.randomized_at ='2013-11-22 15:52:08-05') or (su.regime_id = 14 and  su.randomized_at ='2013-10-08 22:44:26-04' and su.removed_from_dispensing = 'f') or (s.id = 8 and su.regime_id = 13);""","""SELECT su.id as suid, s.id as sid, ms.id as msid FROM subjects su join sites s on su.site_id = s.id join medidata_sites ms on s.external_id= ms.id where ( s.study_id = 38 and su.randomized_at ='2013-11-22 15:52:08-05') or (su.regime_id = 14 and  su.randomized_at ='2013-10-08 22:44:26-04' and su.removed_from_dispensing = 'f') or (s.id = 8 and su.regime_id = 13 and su.id = 260);""",3,0
balance_wm4,3,w    ,"""SELECT su.id as suid, s.id as sid, ms.id as msid FROM subjects su join sites s on su.site_id = s.id join medidata_sites ms on s.external_id= ms.id where ( s.study_id = 38 and su.randomized_at ='2013-11-22 15:52:08-05') or (su.regime_id = 14 and  su.randomized_at ='2013-10-08 22:44:26-04' and su.removed_from_dispensing = 'f') or (s.id = 8 and su.regime_id = 13);""","""SELECT su.id as suid, s.id as sid, ms.id as msid FROM subjects su join sites s on su.site_id = s.id join medidata_sites ms on s.external_id= ms.id where ( s.study_id = 38 and su.created_at ='2013-11-22 15:52:08-05') or (su.regime_id = 14 and  su.randomized_at ='2013-10-08 22:44:26-04' and su.removed_from_dispensing = 'f') or (s.id = 8 and su.regime_id = 13);""",2,0
balance_wm4,4,w    ,"""SELECT su.id as suid, s.id as sid, ms.id as msid FROM subjects su join sites s on su.site_id = s.id join medidata_sites ms on s.external_id= ms.id where ( s.study_id = 38 and su.randomized_at ='2013-11-22 15:52:08-05') or (su.regime_id = 14 and  su.randomized_at ='2013-10-08 22:44:26-04' and su.removed_from_dispensing = 'f') or (s.id = 8 and su.regime_id = 13);""","""SELECT su.id as suid, s.id as sid, ms.id as msid FROM subjects su join sites s on su.site_id = s.id join medidata_sites ms on s.external_id= ms.id where ( s.study_id = 38 and su.randomized_at ='2013-11-22 15:52:08-05') or (su.regime_id = 14 and  su.randomized_at ='2013-10-08 22:44:26-04' and su.removed_from_dispensing = 'f') or (s.id = 8);""",2,0
balance_wm4,5,w    ,"""SELECT su.id as suid, s.id as sid, ms.id as msid FROM subjects su join sites s on su.site_id = s.id join medidata_sites ms on s.external_id= ms.id where ( s.study_id = 38 and su.randomized_at ='2013-11-22 15:52:08-05') or (su.regime_id = 14 and  su.randomized_at ='2013-10-08 22:44:26-04' and su.removed_from_dispensing = 'f') or (s.id = 8 and su.regime_id = 13);""","""SELECT su.id as suid, s.id as sid, ms.id as msid FROM subjects su join sites s on su.site_id = s.id join medidata_sites ms on s.external_id= ms.id where ( s.study_id = 38 and su.randomized_at ='2013-11-22 15:49:04-05') or (su.regime_id = 14 and su.remove_from_rand ='f' and su.randomized_at ='2013-10-08 22:54:58-04') or (s.id = 8 );""",10,0
balance_wm5,0,w    ,"""SELECT su.id as suid, s.id as sid, ms.id as msid FROM subjects su join sites s on su.site_id = s.id join medidata_sites ms on s.external_id= ms.id where (s.study_id > 1 and su.random_regime_selector is not null and ms.country='USA') or (su.regime_id = 14 and su.remove_from_rand ='f' and su.randomized_at <'2013-10-09' and s.supply_plan_id = 3);""","""SELECT su.id as suid, s.id as sid, ms.id as msid FROM subjects su join sites s on su.site_id = s.id join medidata_sites ms on s.external_id= ms.id where ( s.study_id > 1 and su.random_regime_selector is not null and ms.country='GBR') or (su.regime_id = 14 and su.remove_from_rand ='f' and su.randomized_at <'2013-10-09' and s.supply_plan_id = 3);""",5,0
balance_wm5,1,w    ,"""SELECT su.id as suid, s.id as sid, ms.id as msid FROM subjects su join sites s on su.site_id = s.id join medidata_sites ms on s.external_id= ms.id where (s.study_id > 1 and su.random_regime_selector is not null and ms.country='USA') or (su.regime_id = 14 and su.remove_from_rand ='f' and su.randomized_at <'2013-10-09' and s.supply_plan_id = 3);""","""SELECT su.id as suid, s.id as sid, ms.id as msid FROM subjects su join sites s on su.site_id = s.id join medidata_sites ms on s.external_id= ms.id where ( s.study_id > 1 and su.random_regime_selector is null and ms.country='USA') or (su.regime_id = 14 and su.remove_from_rand ='f' and su.randomized_at <'2013-10-09' and s.supply_plan_id = 3);""",3,0
balance_wm5,4,w    ,"""SELECT su.id as suid, s.id as sid, ms.id as msid FROM subjects su join sites s on su.site_id = s.id join medidata_sites ms on s.external_id= ms.id where (s.study_id > 1 and su.random_regime_selector is not null and ms.country='USA') or (su.regime_id = 14 and su.remove_from_rand ='f' and su.randomized_at <'2013-10-09' and s.supply_plan_id = 3);""","""SELECT su.id as suid, s.id as sid, ms.id as msid FROM subjects su join sites s on su.site_id = s.id join medidata_sites ms on s.external_id= ms.id where ( s.study_id > 1 and su.random_regime_selector is not null) or (su.regime_id = 14 and su.remove_from_rand ='f' and su.randomized_at <'2013-10-09' and s.supply_plan_id = 3);""",2,0
balance_wm5,5,w    ,"""SELECT su.id as suid, s.id as sid, ms.id as msid FROM subjects su join sites s on su.site_id = s.id join medidata_sites ms on s.external_id= ms.id where (s.study_id > 1 and su.random_regime_selector is not null and ms.country='USA') or (su.regime_id = 14 and su.remove_from_rand ='f' and su.randomized_at <'2013-10-09' and s.supply_plan_id = 3);""","""SELECT su.id as suid, s.id as sid, ms.id as msid FROM subjects su join sites s on su.site_id = s.id join medidata_sites ms on s.external_id= ms.id where ( s.study_id > 1 and su.random_regime_selector is null) or (su.regime_id = 13 and su.remove_from_rand ='f' and su.randomized_at <'2013-10-09' and s.supply_plan_id = 3);""",44,0
balance_ws2,0,w    ,"""select l.id as lid, l.study_id, l.name, i.id as iid, i.status, i.lot_id from lots as l join inventory_items i on l.id = i.lot_id where (l.study_id = 46 and i.status = 1) or (l.study_id = 10 and i.status != 1);""","""select l.id as lid, l.study_id, l.name, i.id as iid, i.status, i.lot_id from lots as l join inventory_items i on l.id = i.lot_id where (l.study_id = 46 and i.status = 4) or (l.study_id = 10 and i.status != 1);""",167,0
balance_ws2,1,w    ,"""select l.id as lid, l.study_id, l.name, i.id as iid, i.status, i.lot_id from lots as l join inventory_items i on l.id = i.lot_id where (l.study_id = 46 and i.status = 1) or (l.study_id = 10 and i.status != 1);""","""select l.id as lid, l.study_id, l.name, i.id as iid, i.status, i.lot_id from lots as l join inventory_items i on l.id = i.lot_id where (l.study_id = 46 and i.status = 1) or (l.study_id = 10 and i.status = 1);""",11,0
balance_ws2,2,w    ,"""select l.id as lid, l.study_id, l.name, i.id as iid, i.status, i.lot_id from lots as l join inventory_items i on l.id = i.lot_id where (l.study_id = 46 and i.status = 1) or (l.study_id = 10 and i.status != 1);""","""select l.id as lid, l.study_id, l.name, i.id as iid, i.status, i.lot_id from lots as l join inventory_items i on l.id = i.lot_id where (l.study_id = 46 and i.status = 1 and i.sequence_number <30) or (l.study_id = 10 and i.status != 1);""",10,0
balance_ws2,3,w    ,"""select l.id as lid, l.study_id, l.name, i.id as iid, i.status, i.lot_id from lots as l join inventory_items i on l.id = i.lot_id where (l.study_id = 46 and i.status = 1) or (l.study_id = 10 and i.status != 1);""","""select l.id as lid, l.study_id, l.name, i.id as iid, i.status, i.lot_id from lots as l join inventory_items i on l.id = i.lot_id where (l.study_id = 46 and i.status = 1) or (l.id = 11 and i.status != 1);""",54,654
balance_ws2,4,w    ,"""select l.id as lid, l.study_id, l.name, i.id as iid, i.status, i.lot_id from lots as l join inventory_items i on l.id = i.lot_id where (l.study_id = 46 and i.status = 1) or (l.study_id = 10 and i.status != 1);""","""select l.id as lid, l.study_id, l.name, i.id as iid, i.status, i.lot_id from lots as l join inventory_items i on l.id = i.lot_id where (l.study_id = 46 and i.status = 1) or (l.study_id = 10);""",12,0
balance_ws2,5,w    ,"""select l.id as lid, l.study_id, l.name, i.id as iid, i.status, i.lot_id from lots as l join inventory_items i on l.id = i.lot_id where (l.study_id = 46 and i.status = 1) or (l.study_id = 10 and i.status != 1);""","""select l.id as lid, l.study_id, l.name, i.id as iid, i.status, i.lot_id from lots as l join inventory_items i on l.id = i.lot_id where (l.study_id = 46 and i.status = 1) or (l.study_id = 11 and i.status = 1);""",21,0
balance_ws5,0,w    ,"""select l.id as lid, l.study_id, l.name, i.id as iid, i.status, i.lot_id from lots as l JOIN inventory_items i on l.id = i.lot_id where (l.study_id = 46 and i.status = 1 and l.expiry_date > '2014-08-01' ) or (l.study_id = 10 );""","""select l.id as lid, l.study_id, l.name, i.id as iid, i.status, i.lot_id from lots as l JOIN inventory_items i on l.id = i.lot_id where (l.study_id = 46 and i.status = 2 and l.expiry_date > '2014-08-01' ) or (l.study_id = 10 );""",120,0
balance_ws5,1,w    ,"""select l.id as lid, l.study_id, l.name, i.id as iid, i.status, i.lot_id from lots as l JOIN inventory_items i on l.id = i.lot_id where (l.study_id = 46 and i.status = 1 and l.expiry_date > '2014-08-01' ) or (l.study_id = 10 );""","""select l.id as lid, l.study_id, l.name, i.id as iid, i.status, i.lot_id from lots as l JOIN inventory_items i on l.id = i.lot_id where (l.study_id = 46 and i.status > 1 and l.expiry_date > '2014-08-01' ) or (l.study_id = 10 );""",8,0
balance_ws5,2,w    ,"""select l.id as lid, l.study_id, l.name, i.id as iid, i.status, i.lot_id from lots as l JOIN inventory_items i on l.id = i.lot_id where (l.study_id = 46 and i.status = 1 and l.expiry_date > '2014-08-01' ) or (l.study_id = 10 );""","""select l.id as lid, l.study_id, l.name, i.id as iid, i.status, i.lot_id from lots as l JOIN inventory_items i on l.id = i.lot_id where (l.study_id = 46 and i.status = 1 and l.expiry_date > '2014-08-01' ) or (l.study_id = 10 and i.sequence_number >540);""",9,0
balance_ws5,3,w    ,"""select l.id as lid, l.study_id, l.name, i.id as iid, i.status, i.lot_id from lots as l JOIN inventory_items i on l.id = i.lot_id where (l.study_id = 46 and i.status = 1 and l.expiry_date > '2014-08-01' ) or (l.study_id = 10 );""","""select l.id as lid, l.study_id, l.name, i.id as iid, i.status, i.lot_id from lots as l JOIN inventory_items i on l.id = i.lot_id where (l.study_id = 46 and i.status = 1 and l.released_at > '2014-08-01' ) or (l.study_id = 10 );""",19,0
balance_ws5,4,w    ,"""select l.id as lid, l.study_id, l.name, i.id as iid, i.status, i.lot_id from lots as l JOIN inventory_items i on l.id = i.lot_id where (l.study_id = 46 and i.status = 1 and l.expiry_date > '2014-08-01' ) or (l.study_id = 10 );""","""select l.id as lid, l.study_id, l.name, i.id as iid, i.status, i.lot_id from lots as l JOIN inventory_items i on l.id = i.lot_id where (l.study_id = 46 and i.status = 1 and l.expiry_date > '2014-08-01' ) ;""",10,0
balance_ws5,5,w    ,"""select l.id as lid, l.study_id, l.name, i.id as iid, i.status, i.lot_id from lots as l JOIN inventory_items i on l.id = i.lot_id where (l.study_id = 46 and i.status = 1 and l.expiry_date > '2014-08-01' ) or (l.study_id = 10 );""","""select l.id as lid, l.study_id, l.name, i.id as iid, i.status, i.lot_id from lots as l JOIN inventory_items i on l.id = i.lot_id where (l.study_id = 46 and i.status > 1 and l.expiry_date > '2014-08-01' ) or (l.study_id = 11 );""",19,0
balance_wm2,0,w    ,"""SELECT ms.id as msid, s.id as sid, sh.id as shid FROM medidata_sites ms JOIN sites s ON ms.id = s.external_id JOIN shipments sh ON s.id = sh.destination_site_id where ms.country = 'USA' and  ms.id > 700 and s.study_id > 15 and s.active_for_drug_shipping = 'f' and s.activation_date > '2013-01-01' and sh.id is not null;""","""SELECT ms.id as msid, s.id as sid, sh.id as shid FROM medidata_sites ms JOIN sites s ON ms.id = s.external_id JOIN shipments sh ON s.id = sh.destination_site_id where ms.country = 'USA' and  ms.id > 800 and s.study_id > 15 and s.active_for_drug_shipping = 'f' and s.activation_date > '2013-01-01' and sh.id is not null;""",4,0
balance_wm2,1,w    ,"""SELECT ms.id as msid, s.id as sid, sh.id as shid FROM medidata_sites ms JOIN sites s ON ms.id = s.external_id JOIN shipments sh ON s.id = sh.destination_site_id where ms.country = 'USA' and  ms.id > 700 and s.study_id > 15 and s.active_for_drug_shipping = 'f' and s.activation_date > '2013-01-01' and sh.id is not null;""","""SELECT ms.id as msid, s.id as sid, sh.id as shid FROM medidata_sites ms JOIN sites s ON ms.id = s.external_id JOIN shipments sh ON s.id = sh.destination_site_id where ms.country = 'USA' and  ms.id < 700 and s.study_id > 15 and s.active_for_drug_shipping = 'f' and s.activation_date > '2013-01-01' and sh.id is not null;""",2,0
balance_wm2,2,w    ,"""SELECT ms.id as msid, s.id as sid, sh.id as shid FROM medidata_sites ms JOIN sites s ON ms.id = s.external_id JOIN shipments sh ON s.id = sh.destination_site_id where ms.country = 'USA' and  ms.id > 700 and s.study_id > 15 and s.active_for_drug_shipping = 'f' and s.activation_date > '2013-01-01' and sh.id is not null;""","""SELECT ms.id as msid, s.id as sid, sh.id as shid FROM medidata_sites ms JOIN sites s ON ms.id = s.external_id JOIN shipments sh ON s.id = sh.destination_site_id where ms.country = 'USA' and  ms.id > 700 and s.study_id > 15 and s.active_for_drug_shipping = 'f' and s.activation_date > '2013-01-01' and sh.id is not null and ms.state='NJ' ;""",2,0
balance_wm2,3,w    ,"""SELECT ms.id as msid, s.id as sid, sh.id as shid FROM medidata_sites ms JOIN sites s ON ms.id = s.external_id JOIN shipments sh ON s.id = sh.destination_site_id where ms.country = 'USA' and  ms.id > 700 and s.study_id > 15 and s.active_for_drug_shipping = 'f' and s.activation_date > '2013-01-01' and sh.id is not null;""","""SELECT ms.id as msid, s.id as sid, sh.id as shid FROM medidata_sites ms JOIN sites s ON ms.id = s.external_id JOIN shipments sh ON s.id = sh.destination_site_id where ms.country = 'USA' and  ms.id > 700 and s.study_id > 15 and s.simulated_site = 'f' and s.activation_date > '2013-01-01' and sh.id is not null;""",3,0
balance_wm2,4,w    ,"""SELECT ms.id as msid, s.id as sid, sh.id as shid FROM medidata_sites ms JOIN sites s ON ms.id = s.external_id JOIN shipments sh ON s.id = sh.destination_site_id where ms.country = 'USA' and  ms.id > 700 and s.study_id > 15 and s.active_for_drug_shipping = 'f' and s.activation_date > '2013-01-01' and sh.id is not null;""","""SELECT ms.id as msid, s.id as sid, sh.id as shid FROM medidata_sites ms JOIN sites s ON ms.id = s.external_id JOIN shipments sh ON s.id = sh.destination_site_id where ms.country = 'USA' and  ms.id > 700 and s.study_id > 15 and s.active_for_drug_shipping = 'f' and sh.id is not null;""",3,0
balance_wm2,5,w    ,"""SELECT ms.id as msid, s.id as sid, sh.id as shid FROM medidata_sites ms JOIN sites s ON ms.id = s.external_id JOIN shipments sh ON s.id = sh.destination_site_id where ms.country = 'USA' and  ms.id > 700 and s.study_id > 15 and s.active_for_drug_shipping = 'f' and s.activation_date > '2013-01-01' and sh.id is not null;""","""SELECT ms.id as msid, s.id as sid, sh.id as shid FROM medidata_sites ms JOIN sites s ON ms.id = s.external_id JOIN shipments sh ON s.id = sh.destination_site_id where ms.country = 'USA' and  ms.id > 900 and s.study_id > 15 and s.active_for_drug_shipping = 't' and s.activation_date > '2013-01-01' and sh.id is not null;""",5,0
balance_wc1,0,w    ,"""select md.id as mdid,  d.id as did,  i.id as iid, a.id as aid from medidata_depots md join depots d on d.medidata_depot_id = md.id join unnumbered_inventory_items i on d.id = i.depot_id join lots l on i.lot_id = l.id join article_types a on l.article_type_id = a.id where (md.number is not null and md.number <> '' and d.study_id = 19 and d.id = 317 and i.status in (1,2,3,6)) or (md.name ='Depot5' and md.deleted='f' and d.study_id <500  and i.status in (1,2,3,6) and l.release_status = 2) ;""","""select md.id as mdid,  d.id as did,  i.id as iid, a.id as aid from medidata_depots md join depots d on d.medidata_depot_id = md.id join unnumbered_inventory_items i on d.id = i.depot_id join lots l on i.lot_id = l.id join article_types a on l.article_type_id = a.id where (md.number is not null and md.number <> '' and d.study_id = 19 and d.id = 317 and i.status in (1,2,3)) or (md.name ='Depot5' and md.deleted='f' and d.study_id <500  and i.status in (1,2,3,6) and l.release_status = 2) ;""",3,0
balance_wc1,1,w    ,"""select md.id as mdid,  d.id as did,  i.id as iid, a.id as aid from medidata_depots md join depots d on d.medidata_depot_id = md.id join unnumbered_inventory_items i on d.id = i.depot_id join lots l on i.lot_id = l.id join article_types a on l.article_type_id = a.id where (md.number is not null and md.number <> '' and d.study_id = 19 and d.id = 317 and i.status in (1,2,3,6)) or (md.name ='Depot5' and md.deleted='f' and d.study_id <500  and i.status in (1,2,3,6) and l.release_status = 2) ;""","""select md.id as mdid,  d.id as did,  i.id as iid, a.id as aid from medidata_depots md join depots d on d.medidata_depot_id = md.id join unnumbered_inventory_items i on d.id = i.depot_id join lots l on i.lot_id = l.id join article_types a on l.article_type_id = a.id where (md.number is not null and md.number <> '' and d.study_id = 19 and d.id = 317 and i.status not in (1,2,3,6)) or (md.name ='Depot5' and md.deleted='f' and d.study_id <500  and i.status in (1,2,3,6) and l.release_status = 2) ;""",3,0
balance_wc1,2,w    ,"""select md.id as mdid,  d.id as did,  i.id as iid, a.id as aid from medidata_depots md join depots d on d.medidata_depot_id = md.id join unnumbered_inventory_items i on d.id = i.depot_id join lots l on i.lot_id = l.id join article_types a on l.article_type_id = a.id where (md.number is not null and md.number <> '' and d.study_id = 19 and d.id = 317 and i.status in (1,2,3,6)) or (md.name ='Depot5' and md.deleted='f' and d.study_id <500  and i.status in (1,2,3,6) and l.release_status = 2) ;""","""select md.id as mdid,  d.id as did,  i.id as iid, a.id as aid from medidata_depots md join depots d on d.medidata_depot_id = md.id join unnumbered_inventory_items i on d.id = i.depot_id join lots l on i.lot_id = l.id join article_types a on l.article_type_id = a.id where (md.number is not null and md.number <> '' and d.study_id = 19 and d.id = 317 and i.status in (1,2,3,6) and i.quantity <10) or (md.name ='Depot5' and md.deleted='f' and d.study_id <500  and i.status in (1,2,3,6) and l.release_status = 2) ;""",3,0
balance_wc1,3,w    ,"""select md.id as mdid,  d.id as did,  i.id as iid, a.id as aid from medidata_depots md join depots d on d.medidata_depot_id = md.id join unnumbered_inventory_items i on d.id = i.depot_id join lots l on i.lot_id = l.id join article_types a on l.article_type_id = a.id where (md.number is not null and md.number <> '' and d.study_id = 19 and d.id = 317 and i.status in (1,2,3,6)) or (md.name ='Depot5' and md.deleted='f' and d.study_id <500  and i.status in (1,2,3,6) and l.release_status = 2) ;""","""select md.id as mdid,  d.id as did,  i.id as iid, a.id as aid from medidata_depots md join depots d on d.medidata_depot_id = md.id join unnumbered_inventory_items i on d.id = i.depot_id join lots l on i.lot_id = l.id join article_types a on l.article_type_id = a.id where (md.number is not null and md.name <> '' and d.medidata_depot_id = 19 and d.id = 317 and i.status in (1,2,3,6)) or (md.name ='Depot5' and md.deleted='f' and d.study_id <500  and i.status in (1,2,3,6) and l.release_status = 2) ;""",3,0
balance_wc1,4,w    ,"""select md.id as mdid,  d.id as did,  i.id as iid, a.id as aid from medidata_depots md join depots d on d.medidata_depot_id = md.id join unnumbered_inventory_items i on d.id = i.depot_id join lots l on i.lot_id = l.id join article_types a on l.article_type_id = a.id where (md.number is not null and md.number <> '' and d.study_id = 19 and d.id = 317 and i.status in (1,2,3,6)) or (md.name ='Depot5' and md.deleted='f' and d.study_id <500  and i.status in (1,2,3,6) and l.release_status = 2) ;""","""select md.id as mdid,  d.id as did,  i.id as iid, a.id as aid from medidata_depots md join depots d on d.medidata_depot_id = md.id join unnumbered_inventory_items i on d.id = i.depot_id join lots l on i.lot_id = l.id join article_types a on l.article_type_id = a.id where (md.number is not null and md.number <> '' and d.study_id = 19 and d.id = 317 and i.status in (1,2,3,6)) or (md.name ='Depot5' and md.deleted='f' and d.study_id <500  and i.status in (1,2,3,6)) ;""",3,0
balance_wc1,5,w    ,"""select md.id as mdid,  d.id as did,  i.id as iid, a.id as aid from medidata_depots md join depots d on d.medidata_depot_id = md.id join unnumbered_inventory_items i on d.id = i.depot_id join lots l on i.lot_id = l.id join article_types a on l.article_type_id = a.id where (md.number is not null and md.number <> '' and d.study_id = 19 and d.id = 317 and i.status in (1,2,3,6)) or (md.name ='Depot5' and md.deleted='f' and d.study_id <500  and i.status in (1,2,3,6) and l.release_status = 2) ;""","""select md.id as mdid,  d.id as did,  i.id as iid, a.id as aid from medidata_depots md join depots d on d.medidata_depot_id = md.id join unnumbered_inventory_items i on d.id = i.depot_id join lots l on i.lot_id = l.id join article_types a on l.article_type_id = a.id where (md.number is not null and md.number <> '' and d.study_id = 19 and d.id = 317 and i.status not in (1,2,3,6)) or (md.name ='Depot5' and md.deleted='t' and d.study_id <500  and i.status in (1,2,3,6)) ;""",8,0
balance_wm3,0,w    ,"""select sg.id as sgid, s.id as sid, d.id as did from medidata_studies as sg join studies as s on sg.id = s.external_id JOIN depots d on d.study_id = s.id  where sg.parent_id = 239 or sg.name ='Mediflexs' or sg.protocol='Mediflex UAT Protocol' or sg.close_date>'2015-01-01' or s.study_design_id =657 or s.name = 'NandanStudy' or s.file_upload_rules='1'  or sg.is_production = 't';""","""select sg.id as sgid, s.id as sid, d.id as did from medidata_studies as sg join studies as s on sg.id = s.external_id JOIN depots d on d.study_id = s.id  where sg.parent_id = 284 or sg.name ='Mediflexs' or sg.protocol='Mediflex UAT Protocol' or sg.close_date>'2015-01-01' or s.study_design_id =657 or s.name = 'NandanStudy' or s.file_upload_rules='1'  or sg.is_production = 't';""",4,0
balance_wm3,1,w    ,"""select sg.id as sgid, s.id as sid, d.id as did from medidata_studies as sg join studies as s on sg.id = s.external_id JOIN depots d on d.study_id = s.id  where sg.parent_id = 239 or sg.name ='Mediflexs' or sg.protocol='Mediflex UAT Protocol' or sg.close_date>'2015-01-01' or s.study_design_id =657 or s.name = 'NandanStudy' or s.file_upload_rules='1'  or sg.is_production = 't';""","""select sg.id as sgid, s.id as sid, d.id as did from medidata_studies as sg join studies as s on sg.id = s.external_id JOIN depots d on d.study_id = s.id  where sg.parent_id != 239 or sg.name ='Mediflexs' or sg.protocol='Mediflex UAT Protocol' or sg.close_date>'2015-01-01' or s.study_design_id =657 or s.name = 'NandanStudy' or s.file_upload_rules='1'  or sg.is_production = 't';""",2,0
balance_wm3,2,w    ,"""select sg.id as sgid, s.id as sid, d.id as did from medidata_studies as sg join studies as s on sg.id = s.external_id JOIN depots d on d.study_id = s.id  where sg.parent_id = 239 or sg.name ='Mediflexs' or sg.protocol='Mediflex UAT Protocol' or sg.close_date>'2015-01-01' or s.study_design_id =657 or s.name = 'NandanStudy' or s.file_upload_rules='1'  or sg.is_production = 't';""","""select sg.id as sgid, s.id as sid, d.id as did from medidata_studies as sg join studies as s on sg.id = s.external_id JOIN depots d on d.study_id = s.id  where (sg.parent_id = 239 and sg.oid='dce') or sg.name ='Mediflexs' or sg.protocol='Mediflex UAT Protocol' or sg.close_date>'2015-01-01' or s.study_design_id =657 or s.name = 'NandanStudy' or s.file_upload_rules='1'  or sg.is_production = 't';""",2,0
balance_wm3,3,w    ,"""select sg.id as sgid, s.id as sid, d.id as did from medidata_studies as sg join studies as s on sg.id = s.external_id JOIN depots d on d.study_id = s.id  where sg.parent_id = 239 or sg.name ='Mediflexs' or sg.protocol='Mediflex UAT Protocol' or sg.close_date>'2015-01-01' or s.study_design_id =657 or s.name = 'NandanStudy' or s.file_upload_rules='1'  or sg.is_production = 't';""","""select sg.id as sgid, s.id as sid, d.id as did from medidata_studies as sg join studies as s on sg.id = s.external_id JOIN depots d on d.study_id = s.id  where sg.parent_id = 239 or sg.name ='Mediflexs' or sg.protocol='Mediflex UAT Protocol' or sg.live_date>'2015-01-01' or s.study_design_id =657 or s.name = 'NandanStudy' or s.file_upload_rules='1'  or sg.is_production = 't';""",21,2
balance_wm3,4,w    ,"""select sg.id as sgid, s.id as sid, d.id as did from medidata_studies as sg join studies as s on sg.id = s.external_id JOIN depots d on d.study_id = s.id  where sg.parent_id = 239 or sg.name ='Mediflexs' or sg.protocol='Mediflex UAT Protocol' or sg.close_date>'2015-01-01' or s.study_design_id =657 or s.name = 'NandanStudy' or s.file_upload_rules='1'  or sg.is_production = 't';""","""select sg.id as sgid, s.id as sid, d.id as did from medidata_studies as sg join studies as s on sg.id = s.external_id JOIN depots d on d.study_id = s.id  where sg.parent_id = 239 or sg.name ='Mediflexs' or sg.protocol='Mediflex UAT Protocol' or sg.close_date>'2015-01-01' or s.study_design_id =657 or s.name = 'NandanStudy' or s.file_upload_rules='1';""",3,0
balance_wm3,5,w    ,"""select sg.id as sgid, s.id as sid, d.id as did from medidata_studies as sg join studies as s on sg.id = s.external_id JOIN depots d on d.study_id = s.id  where sg.parent_id = 239 or sg.name ='Mediflexs' or sg.protocol='Mediflex UAT Protocol' or sg.close_date>'2015-01-01' or s.study_design_id =657 or s.name = 'NandanStudy' or s.file_upload_rules='1'  or sg.is_production = 't';""","""select sg.id as sgid, s.id as sid, d.id as did from medidata_studies as sg join studies as s on sg.id = s.external_id JOIN depots d on d.study_id = s.id  where sg.parent_id = 239 or sg.name ='Mediflexs' or sg.protocol='Mediflex UAT Protocol' or sg.live_date>'2015-01-01' or s.study_design_id >657 or s.name = 'NandanStudy' or s.file_upload_rules='1' or sg.is_production = 't';""",56,2
balance_ws4,0,w    ,"""select ms.id as msid, ms.parent_id, ms.is_production, s.id as sid from medidata_studies as ms join studies as s on ms.id = s.external_id where ms.name like 'SmokeTest%' or ms.is_production='f' or s.can_generate_blocks='t' or s.external_id > 45235;""","""select ms.id as msid, ms.parent_id, ms.is_production, s.id as sid from medidata_studies as ms join studies as s on ms.id = s.external_id where ms.name like 'SmokeTest%' or ms.is_production='t' or s.can_generate_blocks='t' or s.external_id > 45235;""",3,0
balance_ws4,1,w    ,"""select ms.id as msid, ms.parent_id, ms.is_production, s.id as sid from medidata_studies as ms join studies as s on ms.id = s.external_id where ms.name like 'SmokeTest%' or ms.is_production='f' or s.can_generate_blocks='t' or s.external_id > 45235;""","""select ms.id as msid, ms.parent_id, ms.is_production, s.id as sid from medidata_studies as ms join studies as s on ms.id = s.external_id where ms.name like 'SmokeTest%' or ms.is_production='f' or s.can_generate_blocks!='t' or s.external_id > 45235;""",4,0
balance_ws4,2,w    ,"""select ms.id as msid, ms.parent_id, ms.is_production, s.id as sid from medidata_studies as ms join studies as s on ms.id = s.external_id where ms.name like 'SmokeTest%' or ms.is_production='f' or s.can_generate_blocks='t' or s.external_id > 45235;""","""select ms.id as msid, ms.parent_id, ms.is_production, s.id as sid from medidata_studies as ms join studies as s on ms.id = s.external_id where ms.name like 'SmokeTest%' or ms.is_production='f' or s.can_generate_blocks='t' or (s.external_id > 45235 and ms.id = 159 );""",2,0
balance_ws4,3,w    ,"""select ms.id as msid, ms.parent_id, ms.is_production, s.id as sid from medidata_studies as ms join studies as s on ms.id = s.external_id where ms.name like 'SmokeTest%' or ms.is_production='f' or s.can_generate_blocks='t' or s.external_id > 45235;""","""select ms.id as msid, ms.parent_id, ms.is_production, s.id as sid from medidata_studies as ms join studies as s on ms.id = s.external_id where ms.name like 'SmokeTest%' or ms.is_production='f' or s.can_generate_blocks='t' or s.id > 45235;""",2,0
balance_ws4,4,w    ,"""select ms.id as msid, ms.parent_id, ms.is_production, s.id as sid from medidata_studies as ms join studies as s on ms.id = s.external_id where ms.name like 'SmokeTest%' or ms.is_production='f' or s.can_generate_blocks='t' or s.external_id > 45235;""","""select ms.id as msid, ms.parent_id, ms.is_production, s.id as sid from medidata_studies as ms join studies as s on ms.id = s.external_id where ms.name like 'SmokeTest%' or ms.is_production='f' or s.can_generate_blocks='t';""",2,0
balance_ws4,5,w    ,"""select ms.id as msid, ms.parent_id, ms.is_production, s.id as sid from medidata_studies as ms join studies as s on ms.id = s.external_id where ms.name like 'SmokeTest%' or ms.is_production='f' or s.can_generate_blocks='t' or s.external_id > 45235;""","""select ms.id as msid, ms.parent_id, ms.is_production, s.id as sid from medidata_studies as ms join studies as s on ms.id = s.external_id where ms.name like 'SmokeTest%' or ms.is_production='t' or s.can_generate_blocks='f' or s.external_id > 45235;""",21,0